rank,time,name,nationality,gender,age_category,status,category,race_name,distance_km,elevation_gain_m,year
1,16:20:20,Remigio HUAMAN QUISPE,Peru,Men,40-44,Finisher,100M,Wixárika,152,5300,2024
2,17:20:21,Samuel COLLINS,United States of America,Men,20-34,Finisher,100M,Wixárika,152,5300,2024
3,18:57:46,Steven DOLL,United States of America,Men,20-34,Finisher,100M,Wixárika,152,5300,2024
4,20:53:30,Edson Scorpion CHAVEZ,Mexico,Men,20-34,Finisher,100M,Wixárika,152,5300,2024
5,21:38:51,Alyssa CLARK,United States of America,Women,20-34,Finisher,100M,Wixárika,152,5300,2024
6,21:51:55,Marc-Antoine FORAND,Canada,Men,20-34,Finisher,100M,Wixárika,152,5300,2024
7,22:35:31,Hector FUENTES RIVERA,El Salvador,Men,45-49,Finisher,100M,Wixárika,152,5300,2024
8,22:40:00,Esteban Alejandro MARIN TORRES,Chile,Men,20-34,Finisher,100M,Wixárika,152,5300,2024
9,22:50:33,Julius VAINAUSKAS,Lithuania,Men,20-34,Finisher,100M,Wixárika,152,5300,2024
10,23:29:41,Kelsey HOGAN,Canada,Women,20-34,Finisher,100M,Wixárika,152,5300,2024
11,23:55:46,Jonathan RUDOLPH,United States of America,Men,20-34,Finisher,100M,Wixárika,152,5300,2024
12,24:07:15,Thibaut REVENAZ,Canada,Men,45-49,Finisher,100M,Wixárika,152,5300,2024
13,24:49:35,Jonathan GONZALEZ,Colombia,Men,40-44,Finisher,100M,Wixárika,152,5300,2024
14,25:22:54,Salvador CASTILLO RODRIGUEZ,Mexico,Men,35-39,Finisher,100M,Wixárika,152,5300,2024
15,25:51:16,Robert CLEMENS,Canada,Men,50-54,Finisher,100M,Wixárika,152,5300,2024
16,26:05:15,Todd NOTT,United States of America,Men,60-64,Finisher,100M,Wixárika,152,5300,2024
17,26:09:40,Gabriel PETRIDIS DEROSSI,Canada,Men,20-34,Finisher,100M,Wixárika,152,5300,2024
18,26:20:15,Simon CHIFFOLEAU,France,Men,20-34,Finisher,100M,Wixárika,152,5300,2024
19,27:31:04,Noe JASSO INIGUEZ,Mexico,Men,35-39,Finisher,100M,Wixárika,152,5300,2024
20,27:33:39,Mauricio COLORADO TAMEZ,Mexico,Men,20-34,Finisher,100M,Wixárika,152,5300,2024
21,27:38:47,Abrahan VILLANUEVA,Colombia,Men,40-44,Finisher,100M,Wixárika,152,5300,2024
22,27:40:50,Marcelo COLORADO TAMEZ,Mexico,Men,20-34,Finisher,100M,Wixárika,152,5300,2024
23,27:49:56,Marisol ARTEAGA SERRANO,Mexico,Women,45-49,Finisher,100M,Wixárika,152,5300,2024
24,27:59:24,Julio César GUZMÁN RAMOS,Mexico,Men,20-34,Finisher,100M,Wixárika,152,5300,2024
25,28:14:46,Alfredo PLASCENCIA CASILLAS,Mexico,Men,40-44,Finisher,100M,Wixárika,152,5300,2024
26,28:45:15,Jimmy LOPEZ,Colombia,Men,45-49,Finisher,100M,Wixárika,152,5300,2024
27,28:51:13,Dorian CADART,France,Men,20-34,Finisher,100M,Wixárika,152,5300,2024
28,29:15:58,Omar Jesus MENDOZA NUÑO,Mexico,Men,35-39,Finisher,100M,Wixárika,152,5300,2024
29,29:17:39,Marcela Evelyn ARIAS GAETA,Mexico,Women,35-39,Finisher,100M,Wixárika,152,5300,2024
30,29:22:24,Pneruda CESPEDES MORA,Costa Rica,Men,45-49,Finisher,100M,Wixárika,152,5300,2024
31,30:23:24,Ricardo BADILLO,Mexico,Men,35-39,Finisher,100M,Wixárika,152,5300,2024
32,30:42:36,Andres REYES DIAZ,Mexico,Men,40-44,Finisher,100M,Wixárika,152,5300,2024
33,30:50:45,Jaime DURON,Mexico,Men,20-34,Finisher,100M,Wixárika,152,5300,2024
34,30:50:46,Jafet MONTE,Mexico,Men,20-34,Finisher,100M,Wixárika,152,5300,2024
35,31:03:15,Carlos A. TRUJILLO,Mexico,Men,60-64,Finisher,100M,Wixárika,152,5300,2024
36,31:17:17,Ricardo RODRIGUEZ,Colombia,Men,20-34,Finisher,100M,Wixárika,152,5300,2024
37,31:19:18,Martin EIKEL,Germany,Men,20-34,Finisher,100M,Wixárika,152,5300,2024
38,31:20:35,Federico BOHMER,Colombia,Men,20-34,Finisher,100M,Wixárika,152,5300,2024
39,31:33:37,Cristian GIACONI,Chile,Men,50-54,Finisher,100M,Wixárika,152,5300,2024
40,31:33:39,Miguel CAMARENA PÉREZ,Mexico,Men,40-44,Finisher,100M,Wixárika,152,5300,2024
41,31:42:04,Victor Hugo HERNANDEZ VIRGEN,Mexico,Men,45-49,Finisher,100M,Wixárika,152,5300,2024
42,31:46:27,Jose Manuel RIVERA DIAZ,Puerto Rico,Men,40-44,Finisher,100M,Wixárika,152,5300,2024
43,31:47:26,Adrian RAMIREZ,United States of America,Men,20-34,Finisher,100M,Wixárika,152,5300,2024
44,31:59:45,Pedro SEGUNDO CRUZ,Mexico,Men,20-34,Finisher,100M,Wixárika,152,5300,2024
45,32:02:05,Diego POLINO,Mexico,Men,35-39,Finisher,100M,Wixárika,152,5300,2024
46,32:03:18,Jonathan DAWSON,United States of America,Men,35-39,Finisher,100M,Wixárika,152,5300,2024
47,32:17:43,Huanyuan SHENG,United States of America,Men,45-49,Finisher,100M,Wixárika,152,5300,2024
48,32:21:19,Tito CUETO,United States of America,Men,20-34,Finisher,100M,Wixárika,152,5300,2024
49,32:29:19,Holly GRAHN,Canada,Women,35-39,Finisher,100M,Wixárika,152,5300,2024
50,32:45:35,Indira SALAS VELASCO,Mexico,Women,40-44,Finisher,100M,Wixárika,152,5300,2024
51,33:33:55,Erick GARCIA ROBLES,Mexico,Men,50-54,Finisher,100M,Wixárika,152,5300,2024
52,33:58:19,Roberto MARTINEZ,Mexico,Men,20-34,Finisher,100M,Wixárika,152,5300,2024
53,34:07:41,Jose COB,Costa Rica,Men,50-54,Finisher,100M,Wixárika,152,5300,2024
54,34:08:00,Diego Mauricio RAZO CORDERO,Mexico,Men,35-39,Finisher,100M,Wixárika,152,5300,2024
55,34:21:17,Miguel CARREON,United States of America,Men,55-59,Finisher,100M,Wixárika,152,5300,2024
56,34:21:34,María Guadalupe RAMÍREZ,Mexico,Women,40-44,Finisher,100M,Wixárika,152,5300,2024
57,34:26:23,Eduardo-Antonio ALFARO-REYES,Mexico,Men,45-49,Finisher,100M,Wixárika,152,5300,2024
58,34:27:40,Angel CERVANTES ARELLANO,Mexico,Men,20-34,Finisher,100M,Wixárika,152,5300,2024
59,34:30:19,Pedro HERNANDEZ HERNANDEZ,Mexico,Men,20-34,Finisher,100M,Wixárika,152,5300,2024
60,34:34:46,J. Guadalupe PEDROZA FALCON,Mexico,Men,50-54,Finisher,100M,Wixárika,152,5300,2024
61,34:36:39,Jeronimo CORTINA,Mexico,Men,20-34,Finisher,100M,Wixárika,152,5300,2024
62,34:37:19,Ramon RODRIGUEZ CAMACHO,Mexico,Men,60-64,Finisher,100M,Wixárika,152,5300,2024
63,34:38:01,Anne MAXWELL,United States of America,Women,40-44,Finisher,100M,Wixárika,152,5300,2024
64,34:43:32,Jorge UREÑA,Mexico,Men,35-39,Finisher,100M,Wixárika,152,5300,2024
65,34:43:54,Horacio GALANTI,Canada,Men,50-54,Finisher,100M,Wixárika,152,5300,2024
66,34:49:24,Hugo HAAS,Mexico,Men,40-44,Finisher,100M,Wixárika,152,5300,2024
67,34:53:06,Gabriel MEJIAS CORTES,Mexico,Men,35-39,Finisher,100M,Wixárika,152,5300,2024
68,34:53:38,Claudia Marcela SÁNCHEZ GARCÍA,Mexico,Women,40-44,Finisher,100M,Wixárika,152,5300,2024
69,35:06:59,Milton GONZALEZ,Mexico,Men,50-54,Finisher,100M,Wixárika,152,5300,2024
70,35:21:59,Alonso DÁVILA,Mexico,Men,20-34,Finisher,100M,Wixárika,152,5300,2024
71,35:30:57,Gregg CARLSON,United States of America,Men,40-44,Finisher,100M,Wixárika,152,5300,2024
72,35:45:53,Samuel GRODOFSKY,United States of America,Men,40-44,Finisher,100M,Wixárika,152,5300,2024
73,35:46:33,Charline VILCHIS,United States of America,Women,20-34,Finisher,100M,Wixárika,152,5300,2024
74,35:46:34,Oscar REBOLLEDO,United States of America,Men,40-44,Finisher,100M,Wixárika,152,5300,2024
75,36:28:07,Mario Eduardo BARRANCO STUBBERT,Mexico,Men,35-39,Finisher,100M,Wixárika,152,5300,2024
76,36:42:48,Amado LOPEZ,Mexico,Men,20-34,Finisher,100M,Wixárika,152,5300,2024
,00:00:00,Victor-Eduardo ALVAREZ VALLEJO,Mexico,Men,20-34,DNF,100M,Wixárika,152,5300,2024
,00:00:00,Stephen MATER,Canada,Men,40-44,DNF,100M,Wixárika,152,5300,2024
,00:00:00,Brent KNOTT,United States of America,Men,35-39,DNF,100M,Wixárika,152,5300,2024
,00:00:00,Guillermo Ivan RAMIREZ QUIROZ,Mexico,Men,20-34,DNF,100M,Wixárika,152,5300,2024
,00:00:00,Mario FERREL,Mexico,Men,50-54,DNF,100M,Wixárika,152,5300,2024
,00:00:00,Antonio GUZMAN DE GAONA,Mexico,Men,50-54,DNF,100M,Wixárika,152,5300,2024
,00:00:00,Roberto JUÁREZ GARCÍA,Mexico,Men,35-39,DNF,100M,Wixárika,152,5300,2024
,00:00:00,Sergio ELIZONDO MARTÍNEZ,Mexico,Men,35-39,DNF,100M,Wixárika,152,5300,2024
,00:00:00,Victor NAVA,Mexico,Men,20-34,DNF,100M,Wixárika,152,5300,2024
,00:00:00,Juan Carlos GUERRA GUTIERREZ,Mexico,Men,20-34,DNF,100M,Wixárika,152,5300,2024
,00:00:00,Daniel Antonio RAMIREZ ALVAREZ,Mexico,Men,20-34,DNF,100M,Wixárika,152,5300,2024
,00:00:00,Cesar MAGADAN,United States of America,Men,20-34,DNF,100M,Wixárika,152,5300,2024
,00:00:00,Reid BURROWS,Canada,Men,20-34,DNF,100M,Wixárika,152,5300,2024
,00:00:00,Andrei PLIATSIDEVSKII,Mexico,Men,35-39,DNF,100M,Wixárika,152,5300,2024
,00:00:00,Cesar ESTEBAN GONZALEZ,Mexico,Men,40-44,DNF,100M,Wixárika,152,5300,2024
,00:00:00,Drew MUELLER,United States of America,Men,40-44,DNF,100M,Wixárika,152,5300,2024
,00:00:00,Salvador MARTINEZ PAYAN,Mexico,Men,20-34,DNF,100M,Wixárika,152,5300,2024
,00:00:00,Charlie KLAESIUS,United States of America,Men,20-34,DNF,100M,Wixárika,152,5300,2024
,00:00:00,Donald HANSON,United States of America,Men,60-64,DNF,100M,Wixárika,152,5300,2024
,00:00:00,Pablo MARTINEZ HERNANDEZ,Mexico,Men,35-39,DNF,100M,Wixárika,152,5300,2024
,00:00:00,Daniel GRAFF,Mexico,Men,20-34,DNF,100M,Wixárika,152,5300,2024
,00:00:00,Andres OZORNO,Mexico,Men,40-44,DNF,100M,Wixárika,152,5300,2024
,00:00:00,Francisco ORTEGA HDEZ,Mexico,Men,55-59,DNF,100M,Wixárika,152,5300,2024
,00:00:00,Gustav MANGO,Italy,Men,50-54,DNF,100M,Wixárika,152,5300,2024
,00:00:00,Carlito DONES,United States of America,Men,50-54,DNF,100M,Wixárika,152,5300,2024
,00:00:00,Byron YODER,United States of America,Men,40-44,DNF,100M,Wixárika,152,5300,2024
,00:00:00,Isis BREITER,Mexico,Women,40-44,DNF,100M,Wixárika,152,5300,2024
,00:00:00,Erik SORENSON,United States of America,Men,35-39,DNF,100M,Wixárika,152,5300,2024
1,10:10:29,Julián VINASCO MARIN,Colombia,Men,40-44,Finisher,100K,Hikuri,95,3500,2024
2,10:23:52,Jupiter CARERA CASAS,Mexico,Men,20-34,Finisher,100K,Hikuri,95,3500,2024
3,10:42:24,Paddy O LEARY,Ireland,Men,35-39,Finisher,100K,Hikuri,95,3500,2024
4,10:54:29,Moises JIMENEZ,Venezuela,Men,20-34,Finisher,100K,Hikuri,95,3500,2024
5,10:56:50,Jason SCHLARB,United States of America,Men,45-49,Finisher,100K,Hikuri,95,3500,2024
6,11:12:02,Cornelio CIPRIAN,Guatemala,Men,35-39,Finisher,100K,Hikuri,95,3500,2024
7,11:44:27,Carlos LOREDO HERNANDEZ,Mexico,Men,20-34,Finisher,100K,Hikuri,95,3500,2024
8,11:53:51,Arden YOUNG,Canada,Women,35-39,Finisher,100K,Hikuri,95,3500,2024
9,11:54:43,Jose Eliezer ARCUBIA PATINO,Mexico,Men,20-34,Finisher,100K,Hikuri,95,3500,2024
10,12:02:54,Charles PERROT-MINOT,Canada,Men,20-34,Finisher,100K,Hikuri,95,3500,2024
11,12:04:07,Edgar Tonatiuh DIAZ AGUIRRE,Mexico,Men,35-39,Finisher,100K,Hikuri,95,3500,2024
12,12:13:49,Simon BUSTAMANTE,Ecuador,Men,20-34,Finisher,100K,Hikuri,95,3500,2024
13,12:32:50,Jerónimo REYES CEDILLO,Mexico,Men,40-44,Finisher,100K,Hikuri,95,3500,2024
14,12:33:47,Rémi POITRAS,Canada,Men,20-34,Finisher,100K,Hikuri,95,3500,2024
15,13:37:59,Oliver MURRAY,Australia,Men,20-34,Finisher,100K,Hikuri,95,3500,2024
16,13:40:40,Ryan LAKHRAM,Canada,Men,40-44,Finisher,100K,Hikuri,95,3500,2024
17,13:45:29,Harvey HERNANDEZ,Colombia,Men,20-34,Finisher,100K,Hikuri,95,3500,2024
18,13:47:20,Amber HOULE,Canada,Women,20-34,Finisher,100K,Hikuri,95,3500,2024
19,13:47:49,Miguel Natividad RAMOS HERNANDEZ,Mexico,Men,50-54,Finisher,100K,Hikuri,95,3500,2024
20,14:00:25,Alexa ROMANO,United States of America,Women,20-34,Finisher,100K,Hikuri,95,3500,2024
21,14:03:07,Anonymous,Mexico,Men,40-44,Finisher,100K,Hikuri,95,3500,2024
22,14:06:40,Elías ESQUIVEL-MORENO,Mexico,Men,40-44,Finisher,100K,Hikuri,95,3500,2024
23,14:06:49,Luis Daniel NAVARRO RAMOS,Mexico,Men,20-34,Finisher,100K,Hikuri,95,3500,2024
24,14:10:51,Pavel MORALES,Mexico,Men,35-39,Finisher,100K,Hikuri,95,3500,2024
25,14:12:30,Tim ROPCHAN,Canada,Men,20-34,Finisher,100K,Hikuri,95,3500,2024
26,14:17:54,Marcelo RAMIREZ PALMA,Mexico,Men,45-49,Finisher,100K,Hikuri,95,3500,2024
27,14:19:55,Yevhenii BESPOIASKO,Ukraine,Men,20-34,Finisher,100K,Hikuri,95,3500,2024
28,14:20:22,Carlos Francisco SANCHEZ RAMIREZ,Mexico,Men,40-44,Finisher,100K,Hikuri,95,3500,2024
29,14:23:25,Davian-Alejandro SANTOS-MORENO,Colombia,Men,40-44,Finisher,100K,Hikuri,95,3500,2024
30,14:27:40,Sandra YAGUE,Spain,Women,40-44,Finisher,100K,Hikuri,95,3500,2024
31,14:33:02,Victor Manuel NERI ALFARO,Mexico,Men,20-34,Finisher,100K,Hikuri,95,3500,2024
32,14:38:51,Andrew CASSANO,United States of America,Men,40-44,Finisher,100K,Hikuri,95,3500,2024
33,14:40:52,Andres HERRERA DURAN,Mexico,Men,20-34,Finisher,100K,Hikuri,95,3500,2024
34,14:45:26,Rodrigo LADERA BURRERO,Spain,Men,40-44,Finisher,100K,Hikuri,95,3500,2024
35,14:51:51,Bernardo VILLASUSO VILLALOBOS,Mexico,Men,35-39,Finisher,100K,Hikuri,95,3500,2024
36,14:56:08,Jorge Alberto VIZCAINO DEL TORO,Mexico,Men,20-34,Finisher,100K,Hikuri,95,3500,2024
37,15:02:45,Francisco VAZQUEZ PAREDES,Mexico,Men,40-44,Finisher,100K,Hikuri,95,3500,2024
38,15:04:02,Jose Manuel GARCIA VALENZUELA,Mexico,Men,45-49,Finisher,100K,Hikuri,95,3500,2024
39,15:06:07,Antonio Israel FLORES ARECHIGA,Mexico,Men,35-39,Finisher,100K,Hikuri,95,3500,2024
40,15:08:27,Michail ZYGOMANIS,Greece,Men,40-44,Finisher,100K,Hikuri,95,3500,2024
41,15:09:06,Marisol FRANCO ACEVEDO,Mexico,Women,35-39,Finisher,100K,Hikuri,95,3500,2024
42,15:21:12,Alejandro FERIA,Mexico,Men,40-44,Finisher,100K,Hikuri,95,3500,2024
43,15:22:24,Mason PARKER,United States of America,Men,20-34,Finisher,100K,Hikuri,95,3500,2024
44,15:27:25,Simon LAMBERT,Belgium,Men,20-34,Finisher,100K,Hikuri,95,3500,2024
45,15:31:36,Koji SADAMOTO,Japan,Men,35-39,Finisher,100K,Hikuri,95,3500,2024
46,15:34:21,Zach JOHNSON,United States of America,Men,20-34,Finisher,100K,Hikuri,95,3500,2024
47,15:42:32,Benjamin HERRMANN,Germany,Men,35-39,Finisher,100K,Hikuri,95,3500,2024
48,16:03:25,Adolfo VAZQUEZ VELASCO,Mexico,Men,45-49,Finisher,100K,Hikuri,95,3500,2024
49,16:04:55,Eder Giovanni SÁNCHEZ FERNANDEZ,Mexico,Men,35-39,Finisher,100K,Hikuri,95,3500,2024
50,16:05:25,Fabian MATAMOROS CORRALES,Costa Rica,Men,20-34,Finisher,100K,Hikuri,95,3500,2024
51,16:06:07,Adán Alberto HERNANDEZ ESCAMILLA,El Salvador,Men,35-39,Finisher,100K,Hikuri,95,3500,2024
52,16:10:45,Adam SANCHEZ,United States of America,Men,35-39,Finisher,100K,Hikuri,95,3500,2024
53,16:20:55,Juan Carlos CERECERO ALVAREZ,Mexico,Men,35-39,Finisher,100K,Hikuri,95,3500,2024
54,16:25:22,Esteban MARTINEZ,Colombia,Men,50-54,Finisher,100K,Hikuri,95,3500,2024
55,16:26:09,Bruno MEIER,Mexico,Men,35-39,Finisher,100K,Hikuri,95,3500,2024
56,16:36:32,Jodine COE,United States of America,Women,20-34,Finisher,100K,Hikuri,95,3500,2024
57,16:38:38,Raymundo PAEZ,Mexico,Men,20-34,Finisher,100K,Hikuri,95,3500,2024
58,16:39:49,Tyler JOHANSSON,United States of America,Men,35-39,Finisher,100K,Hikuri,95,3500,2024
59,16:48:52,Pavle DJORDJEVIC,Serbia,Men,20-34,Finisher,100K,Hikuri,95,3500,2024
60,16:49:52,Lucero Abigaith GOMEZ ESPINDOLA,Mexico,Women,20-34,Finisher,100K,Hikuri,95,3500,2024
61,16:50:34,Jesus Alejandro PARRA ORTIZ,Mexico,Men,35-39,Finisher,100K,Hikuri,95,3500,2024
62,16:50:39,Daniela NAVARRETE,Chile,Women,40-44,Finisher,100K,Hikuri,95,3500,2024
62,16:50:39,Fernando SÁNCHEZ,Mexico,Men,20-34,Finisher,100K,Hikuri,95,3500,2024
64,17:01:43,Fabian DOBLES SOLANO,Costa Rica,Men,45-49,Finisher,100K,Hikuri,95,3500,2024
65,17:03:05,Isidro Jose RICO RODRIGUEZ,Mexico,Men,35-39,Finisher,100K,Hikuri,95,3500,2024
66,17:21:33,Tsen Tsz CHZHAN,Canada,Men,20-34,Finisher,100K,Hikuri,95,3500,2024
67,17:27:49,Kimball GALBRAITH,United States of America,Men,55-59,Finisher,100K,Hikuri,95,3500,2024
68,17:33:16,Jonathan BOLDUC,Canada,Men,40-44,Finisher,100K,Hikuri,95,3500,2024
69,17:36:29,Cristóbal ROJAS,Mexico,Men,40-44,Finisher,100K,Hikuri,95,3500,2024
70,17:39:38,Mauricio SEVILLA,Mexico,Men,20-34,Finisher,100K,Hikuri,95,3500,2024
71,17:39:45,Fabian ARENA,Mexico,Men,20-34,Finisher,100K,Hikuri,95,3500,2024
72,17:43:42,Jairo Ernesto GARZON FORERO,Colombia,Men,50-54,Finisher,100K,Hikuri,95,3500,2024
73,17:49:03,David Andres ROBLES LEAL,Colombia,Men,35-39,Finisher,100K,Hikuri,95,3500,2024
74,17:53:48,Griselda AGOSTINI,Argentina,Women,45-49,Finisher,100K,Hikuri,95,3500,2024
74,17:53:48,Noelia POLI,Argentina,Women,40-44,Finisher,100K,Hikuri,95,3500,2024
76,17:55:47,Daniel PEREZ,Uruguay,Men,50-54,Finisher,100K,Hikuri,95,3500,2024
77,17:58:07,Alejandra CANO SUAREZ,Mexico,Women,35-39,Finisher,100K,Hikuri,95,3500,2024
78,17:59:53,Javier GENARO,Mexico,Men,20-34,Finisher,100K,Hikuri,95,3500,2024
79,18:05:27,Pedro SANTILLAN,Mexico,Men,35-39,Finisher,100K,Hikuri,95,3500,2024
80,18:07:11,Aldo Javier SANCHEZ ROMERO,Mexico,Men,35-39,Finisher,100K,Hikuri,95,3500,2024
81,18:13:47,Adrien TERRIER,France,Men,35-39,Finisher,100K,Hikuri,95,3500,2024
81,18:13:47,Sandra Rosa MACIAS,Mexico,Women,45-49,Finisher,100K,Hikuri,95,3500,2024
83,18:13:49,Antoine LOUIS,France,Men,20-34,Finisher,100K,Hikuri,95,3500,2024
84,18:17:37,Marisol LLAMAS GONZALEZ,Mexico,Women,35-39,Finisher,100K,Hikuri,95,3500,2024
85,18:22:15,Willibaldo RUIZ LUNA,Mexico,Men,50-54,Finisher,100K,Hikuri,95,3500,2024
86,18:31:22,Alejandro DIEZ,Argentina,Men,50-54,Finisher,100K,Hikuri,95,3500,2024
87,18:43:48,Neil BEATTIE,Ireland,Men,20-34,Finisher,100K,Hikuri,95,3500,2024
88,18:45:26,Tanguy MOUTTE,France,Men,20-34,Finisher,100K,Hikuri,95,3500,2024
89,18:47:14,Corentin MAERTENS,France,Men,20-34,Finisher,100K,Hikuri,95,3500,2024
90,18:49:32,Mariana PEREZ GONZALEZ,Mexico,Women,35-39,Finisher,100K,Hikuri,95,3500,2024
91,18:50:40,Jake PERRY,United Kingdom,Men,20-34,Finisher,100K,Hikuri,95,3500,2024
92,18:55:40,Timothy MATTHEWS,United States of America,Men,40-44,Finisher,100K,Hikuri,95,3500,2024
93,19:03:08,Carlos MARQUEZ,Mexico,Men,20-34,Finisher,100K,Hikuri,95,3500,2024
94,19:06:53,Otto SCHULZE,United States of America,Men,40-44,Finisher,100K,Hikuri,95,3500,2024
95,19:08:26,Consuelo BARRIOS,Mexico,Women,40-44,Finisher,100K,Hikuri,95,3500,2024
96,19:08:57,Richard SMITH,United States of America,Men,50-54,Finisher,100K,Hikuri,95,3500,2024
97,19:16:05,Rodrigo MEDINA RAMIREZ,Mexico,Men,40-44,Finisher,100K,Hikuri,95,3500,2024
98,19:22:56,Veronica FLORES,Mexico,Women,40-44,Finisher,100K,Hikuri,95,3500,2024
99,19:42:13,Luis GARCIA,Mexico,Men,40-44,Finisher,100K,Hikuri,95,3500,2024
100,19:45:52,Cruz Javier MARTINEZ VILLASENOR,Mexico,Men,40-44,Finisher,100K,Hikuri,95,3500,2024
101,19:53:39,Anonymous,Mexico,Men,50-54,Finisher,100K,Hikuri,95,3500,2024
102,19:54:19,Alberto José ABRAHAM GASQUE,Mexico,Men,20-34,Finisher,100K,Hikuri,95,3500,2024
103,19:55:05,Anonymous,Mexico,Men,40-44,Finisher,100K,Hikuri,95,3500,2024
104,20:02:13,Nicholas JENKS,New Zealand,Men,35-39,Finisher,100K,Hikuri,95,3500,2024
104,20:02:13,Daniel NEWTON,New Zealand,Men,40-44,Finisher,100K,Hikuri,95,3500,2024
106,20:02:43,Monica Soledad VAZQUEZ BARRON,Mexico,Women,35-39,Finisher,100K,Hikuri,95,3500,2024
107,20:09:33,Fernando Doroteo VAZQUEZ PAREDES,Mexico,Men,40-44,Finisher,100K,Hikuri,95,3500,2024
108,20:09:35,Marco Antonio MORENO CALVILLO,Mexico,Men,35-39,Finisher,100K,Hikuri,95,3500,2024
108,20:09:35,Irma Karen OJEDA HERNANDEZ,Mexico,Women,20-34,Finisher,100K,Hikuri,95,3500,2024
110,20:14:06,Alejandro ROMO,Mexico,Men,45-49,Finisher,100K,Hikuri,95,3500,2024
111,20:16:53,Sebastián VILLAVERDE,Guatemala,Men,20-34,Finisher,100K,Hikuri,95,3500,2024
112,20:17:06,Liliana SOTO GOMEZ,Mexico,Women,40-44,Finisher,100K,Hikuri,95,3500,2024
113,20:23:13,Edgar DE LA CRUZ RUEDA,Mexico,Men,20-34,Finisher,100K,Hikuri,95,3500,2024
114,20:24:57,Arturo CUICAS,Venezuela,Men,40-44,Finisher,100K,Hikuri,95,3500,2024
115,20:35:05,Eulalio TRONCOSO VALLEJO,Mexico,Men,40-44,Finisher,100K,Hikuri,95,3500,2024
116,20:35:39,Gabriel JURI,Argentina,Men,60-64,Finisher,100K,Hikuri,95,3500,2024
117,20:37:56,Christian CARDENAS,Mexico,Men,35-39,Finisher,100K,Hikuri,95,3500,2024
118,20:38:03,José Antonio LOPEZ,Mexico,Men,45-49,Finisher,100K,Hikuri,95,3500,2024
119,20:43:06,Mauricio ESPARZA CORONA,Mexico,Men,20-34,Finisher,100K,Hikuri,95,3500,2024
120,20:53:05,Raul CISNEROS COBOS,Mexico,Men,40-44,Finisher,100K,Hikuri,95,3500,2024
121,20:56:12,Manuel PEREZ,Mexico,Men,60-64,Finisher,100K,Hikuri,95,3500,2024
122,20:57:25,Apolline DEWATRE,France,Women,20-34,Finisher,100K,Hikuri,95,3500,2024
122,20:57:25,Maxime GREGORIEFF,France,Men,20-34,Finisher,100K,Hikuri,95,3500,2024
124,20:58:57,Jun LEAL YANOME,Mexico,Men,45-49,Finisher,100K,Hikuri,95,3500,2024
125,20:58:58,Juan BOTAS VELAZQUEZ,Mexico,Men,20-34,Finisher,100K,Hikuri,95,3500,2024
126,21:03:11,Andrés MARCIAL RODRÍGUEZ,Mexico,Men,40-44,Finisher,100K,Hikuri,95,3500,2024
127,21:05:28,Leonel CUETO,United States of America,Men,20-34,Finisher,100K,Hikuri,95,3500,2024
128,21:13:20,Agnese STRAZDIŅA-JAUNZEMA,Latvia,Women,35-39,Finisher,100K,Hikuri,95,3500,2024
128,21:13:20,Niks JAUNZEMS,Latvia,Men,40-44,Finisher,100K,Hikuri,95,3500,2024
130,21:14:57,Ricardo Ivan BELTRAN MANCILLA,Mexico,Men,20-34,Finisher,100K,Hikuri,95,3500,2024
131,21:21:10,Zaira TORRES BARRAZA,Mexico,Women,35-39,Finisher,100K,Hikuri,95,3500,2024
132,21:21:28,Adela AVILA,Mexico,Women,50-54,Finisher,100K,Hikuri,95,3500,2024
133,21:22:25,Leslie LOGWOOD,United States of America,Women,40-44,Finisher,100K,Hikuri,95,3500,2024
133,21:22:25,Claudia GUERRERO BARRERA,Colombia,Women,40-44,Finisher,100K,Hikuri,95,3500,2024
135,21:24:59,Kyla PERSKY,Canada,Women,20-34,Finisher,100K,Hikuri,95,3500,2024
136,21:25:00,Asher PERLMUTTER,United States of America,Men,20-34,Finisher,100K,Hikuri,95,3500,2024
137,21:35:53,Kent BLOBAUM,United States of America,Men,60-64,Finisher,100K,Hikuri,95,3500,2024
138,21:35:54,Constance GARRO,United States of America,Women,55-59,Finisher,100K,Hikuri,95,3500,2024
139,21:40:55,Ana Elizabeth TLAPANCO LIMON,Mexico,Women,40-44,Finisher,100K,Hikuri,95,3500,2024
140,21:41:00,Roberto NAVARRO PONS,Mexico,Men,45-49,Finisher,100K,Hikuri,95,3500,2024
141,21:43:58,Jaime NAVARRO,Mexico,Men,45-49,Finisher,100K,Hikuri,95,3500,2024
142,21:44:07,Leonardo Yael ARELLANO NUÑO,Mexico,Men,20-34,Finisher,100K,Hikuri,95,3500,2024
143,21:44:12,Ignacio PEREZ,Mexico,Men,40-44,Finisher,100K,Hikuri,95,3500,2024
144,21:44:29,Lalo QUINZAÑOS,Mexico,Men,20-34,Finisher,100K,Hikuri,95,3500,2024
145,21:44:43,Valeria ZARWANITZER,Argentina,Women,55-59,Finisher,100K,Hikuri,95,3500,2024
146,21:51:44,María Guadalupe LECONA,Mexico,Women,40-44,Finisher,100K,Hikuri,95,3500,2024
147,21:53:57,Juan Pablo MERLA SALAZAR,Mexico,Men,50-54,Finisher,100K,Hikuri,95,3500,2024
148,21:56:53,Tony JUAREZ,Canada,Men,45-49,Finisher,100K,Hikuri,95,3500,2024
149,21:56:56,Alan Michell DAVALOS SANCHEZ,Mexico,Men,35-39,Finisher,100K,Hikuri,95,3500,2024
150,22:50:41,Griselda Fabiana CLEMENTI,Argentina,Women,50-54,Finisher,100K,Hikuri,95,3500,2024
151,23:03:54,Darian MOVSESSIAN,United States of America,Men,20-34,Finisher,100K,Hikuri,95,3500,2024
152,23:51:17,Ana Aurelia ORTIZ FUENTES,Mexico,Women,45-49,Finisher,100K,Hikuri,95,3500,2024
153,24:04:20,Charles CORMIER,Canada,Men,20-34,Finisher,100K,Hikuri,95,3500,2024
154,24:19:10,Philippe CHOLETTE,Canada,Men,20-34,Finisher,100K,Hikuri,95,3500,2024
,00:00:00,Barbara MEDINA,Mexico,Women,20-34,DNF,100K,Hikuri,95,3500,2024
,00:00:00,Adrián ZAMUDIO BERNAL,Mexico,Men,65-69,DNF,100K,Hikuri,95,3500,2024
,00:00:00,Alastair GLOYN,New Zealand,Men,20-34,DNF,100K,Hikuri,95,3500,2024
,00:00:00,María Del Mar BLANES ALVERDE,Mexico,Women,20-34,DNF,100K,Hikuri,95,3500,2024
,00:00:00,Alberto SANCHEZ ACOSTA,Mexico,Men,40-44,DNF,100K,Hikuri,95,3500,2024
,00:00:00,Zhijia ZHANG,Canada,Men,20-34,DNF,100K,Hikuri,95,3500,2024
,00:00:00,Emilio TORRES MAYORAL,Mexico,Men,20-34,DNF,100K,Hikuri,95,3500,2024
,00:00:00,Uriel ROMERO,Mexico,Men,35-39,DNF,100K,Hikuri,95,3500,2024
,00:00:00,Diego CAMARENA ARELLANO,Mexico,Men,40-44,DNF,100K,Hikuri,95,3500,2024
,00:00:00,Gabriela SANCHEZ,Mexico,Women,40-44,DNF,100K,Hikuri,95,3500,2024
,00:00:00,Andres MATA GARCIA,Mexico,Men,60-64,DNF,100K,Hikuri,95,3500,2024
,00:00:00,Boris MIZAIKOFF,Austria,Men,55-59,DNF,100K,Hikuri,95,3500,2024
,00:00:00,Roberto MEIER,Mexico,Men,20-34,DNF,100K,Hikuri,95,3500,2024
,00:00:00,Guillermo JUAREZ GARCIA ROJAS,Mexico,Men,50-54,DNF,100K,Hikuri,95,3500,2024
,00:00:00,Gael DUTIGNY,United States of America,Men,50-54,DNF,100K,Hikuri,95,3500,2024
,00:00:00,Ajay PATEL,Canada,Men,20-34,DNF,100K,Hikuri,95,3500,2024
,00:00:00,Anonymous,Mexico,Men,40-44,DNF,100K,Hikuri,95,3500,2024
,00:00:00,Jesus Amando LOMELI FLORES,Mexico,Men,35-39,DNF,100K,Hikuri,95,3500,2024
,00:00:00,Anonymous,Colombia,Men,20-34,DNF,100K,Hikuri,95,3500,2024
,00:00:00,Flor FLETES DE KING,United States of America,Women,45-49,DNF,100K,Hikuri,95,3500,2024
,00:00:00,Blanca Aurora JOACHIN MENDOZA,Mexico,Women,40-44,DNF,100K,Hikuri,95,3500,2024
,00:00:00,Rodolfo CEJA OLAETA,Mexico,Men,40-44,DNF,100K,Hikuri,95,3500,2024
,00:00:00,Luis Gerardo HERNANDEZ GONZALEZ,Mexico,Men,40-44,DNF,100K,Hikuri,95,3500,2024
,00:00:00,Adrian ZAMUDIO MALDONADO,Mexico,Men,40-44,DNF,100K,Hikuri,95,3500,2024
,00:00:00,Roberto CRESPO VILLANUEVA,Mexico,Men,35-39,DNF,100K,Hikuri,95,3500,2024
,00:00:00,Brayan Alberto ROSILES TEJEDA,Mexico,Men,20-34,DNF,100K,Hikuri,95,3500,2024
,00:00:00,Jorge Ivan FLORES OLALDE,Mexico,Men,40-44,DNF,100K,Hikuri,95,3500,2024
,00:00:00,Edgar Yair GODINEZ,Mexico,Men,20-34,DNF,100K,Hikuri,95,3500,2024
1,05:20:40,Joren TITUS,Canada,Men,40-44,Finisher,50K,Nakawé,49,2300,2024
2,05:25:54,Sara ALONSO,Spain,Women,20-34,Finisher,50K,Nakawé,49,2300,2024
2,05:25:54,Emerson TRUJILLO FLORES,Peru,Men,40-44,Finisher,50K,Nakawé,49,2300,2024
4,05:26:18,David NORRIS,United States of America,Men,20-34,Finisher,50K,Nakawé,49,2300,2024
5,05:27:31,Juan Carlos CARERA CASAS,Mexico,Men,35-39,Finisher,50K,Nakawé,49,2300,2024
6,05:29:44,Nicolas PALACIOS,Chile,Men,35-39,Finisher,50K,Nakawé,49,2300,2024
7,05:40:23,Christopher LEVESQUE-SAVARD,Canada,Men,20-34,Finisher,50K,Nakawé,49,2300,2024
8,05:45:05,Roberto Carlos VARGAS VIDAURRI,Mexico,Men,20-34,Finisher,50K,Nakawé,49,2300,2024
9,06:06:51,Javier JANEIRO CERDEIRA,Mexico,Men,35-39,Finisher,50K,Nakawé,49,2300,2024
10,06:07:19,David CLARK,United States of America,Men,40-44,Finisher,50K,Nakawé,49,2300,2024
11,06:07:50,Reyna Isela RIVERA CARRILLO,Mexico,Women,35-39,Finisher,50K,Nakawé,49,2300,2024
12,06:13:48,Diego ARNAUDA GONZALEZ,Mexico,Men,20-34,Finisher,50K,Nakawé,49,2300,2024
13,06:19:03,Jose Luis LÓPEZ FLORES,Mexico,Men,20-34,Finisher,50K,Nakawé,49,2300,2024
14,06:22:09,Jose Alfredo NERI RUIZ,Mexico,Men,20-34,Finisher,50K,Nakawé,49,2300,2024
15,06:25:33,Giovanni PERFETTI SANTISTEBAN,Colombia,Men,20-34,Finisher,50K,Nakawé,49,2300,2024
16,06:30:02,Phoebe CROSTHWAITE,United Kingdom,Women,20-34,Finisher,50K,Nakawé,49,2300,2024
17,06:43:04,Jose Antonio BAUTICIA MORENO,Mexico,Men,20-34,Finisher,50K,Nakawé,49,2300,2024
18,06:44:15,Greg CRUICKSHANK,Canada,Men,40-44,Finisher,50K,Nakawé,49,2300,2024
19,06:49:58,Eleuterio PARRA HERRERA,Mexico,Men,U20,Finisher,50K,Nakawé,49,2300,2024
20,06:59:16,Juan Fernando CAMEY CORDON,Guatemala,Men,20-34,Finisher,50K,Nakawé,49,2300,2024
21,07:03:30,Oswaldo Damian MUÑOZ DIAZ,Mexico,Men,20-34,Finisher,50K,Nakawé,49,2300,2024
22,07:06:48,Gustavo PICHARDO,Mexico,Men,20-34,Finisher,50K,Nakawé,49,2300,2024
23,07:09:20,María Guadalupe FREGOSO NIEVES,Mexico,Women,20-34,Finisher,50K,Nakawé,49,2300,2024
24,07:10:22,Victor CONTRERAS,Mexico,Men,20-34,Finisher,50K,Nakawé,49,2300,2024
25,07:13:50,Alex RAMÍREZ,Mexico,Men,20-34,Finisher,50K,Nakawé,49,2300,2024
26,07:18:05,Haily VALLES,Costa Rica,Women,20-34,Finisher,50K,Nakawé,49,2300,2024
27,07:22:06,Killian TACHON,France,Men,20-34,Finisher,50K,Nakawé,49,2300,2024
28,07:23:12,Daniel CASTORENA BORJON,Mexico,Men,45-49,Finisher,50K,Nakawé,49,2300,2024
29,07:24:49,Eder Alan LEÓN VELAZQUEZ,Mexico,Men,U20,Finisher,50K,Nakawé,49,2300,2024
30,07:28:06,Carlos LEITON,Costa Rica,Men,35-39,Finisher,50K,Nakawé,49,2300,2024
31,07:34:14,Marc-Olivier GIROUARD,Canada,Men,20-34,Finisher,50K,Nakawé,49,2300,2024
32,07:36:32,Arnoldo PEREZ,Mexico,Men,20-34,Finisher,50K,Nakawé,49,2300,2024
33,07:37:15,Luis Angel HERNANDEZ AMEZQUITA,Mexico,Men,20-34,Finisher,50K,Nakawé,49,2300,2024
34,07:37:46,René REYES,Mexico,Men,40-44,Finisher,50K,Nakawé,49,2300,2024
35,07:42:44,José ALTAMIRANO MORALES,Mexico,Men,35-39,Finisher,50K,Nakawé,49,2300,2024
36,07:45:58,Flavius MEINECKE,Germany,Men,20-34,Finisher,50K,Nakawé,49,2300,2024
37,07:46:06,Ricardo GAONA ROJAS,Mexico,Men,40-44,Finisher,50K,Nakawé,49,2300,2024
38,07:47:11,Sebastien TREMBLAY,Canada,Men,40-44,Finisher,50K,Nakawé,49,2300,2024
39,07:48:47,Robin RAMOS,Mexico,Men,35-39,Finisher,50K,Nakawé,49,2300,2024
40,07:48:55,Zach HENDERSON,United States of America,Men,20-34,Finisher,50K,Nakawé,49,2300,2024
41,07:50:24,Robert ACKART,United States of America,Men,45-49,Finisher,50K,Nakawé,49,2300,2024
42,07:51:16,Lina CHINCHILLA,Colombia,Women,20-34,Finisher,50K,Nakawé,49,2300,2024
43,07:52:31,Yahir JARAMILLO GARCIA,Mexico,Men,20-34,Finisher,50K,Nakawé,49,2300,2024
44,07:52:39,Óscar Andrés GIRALDO PELAEZ (Oscar Andres GIRALDO PELAEZ),Colombia,Men,35-39,Finisher,50K,Nakawé,49,2300,2024
45,07:52:42,Carlos Eduardo OROZCO LARA,Mexico,Men,20-34,Finisher,50K,Nakawé,49,2300,2024
46,07:57:58,Kerrie WLAD,Canada,Women,50-54,Finisher,50K,Nakawé,49,2300,2024
47,07:58:48,Sergio OCHOA BARAJAS,Mexico,Men,50-54,Finisher,50K,Nakawé,49,2300,2024
47,07:58:48,Mario Alberto JIMENEZ NAVA,Mexico,Men,45-49,Finisher,50K,Nakawé,49,2300,2024
49,08:01:52,Noe VASQUEZ FLORES,Mexico,Men,35-39,Finisher,50K,Nakawé,49,2300,2024
50,08:02:20,Francis HURTUBISE,Canada,Men,40-44,Finisher,50K,Nakawé,49,2300,2024
51,08:03:17,Luca LONARDI,Italy,Men,40-44,Finisher,50K,Nakawé,49,2300,2024
52,08:04:38,Josh WENNERGREN,United States of America,Men,35-39,Finisher,50K,Nakawé,49,2300,2024
53,08:04:56,Jonathan CUESTA NAVARRETE,Mexico,Men,35-39,Finisher,50K,Nakawé,49,2300,2024
54,08:05:32,Karla PICARD,Mexico,Women,20-34,Finisher,50K,Nakawé,49,2300,2024
55,08:05:40,Hannah VARGAS,Mexico,Women,20-34,Finisher,50K,Nakawé,49,2300,2024
56,08:05:44,Jacobo MORENO-MORA,Spain,Men,50-54,Finisher,50K,Nakawé,49,2300,2024
57,08:06:26,Cristhian SANTOS OGGONEI,Colombia,Men,20-34,Finisher,50K,Nakawé,49,2300,2024
58,08:07:52,Diego IBARRA,Mexico,Men,35-39,Finisher,50K,Nakawé,49,2300,2024
59,08:09:54,Eduardo VIDAURRAZAGA,Mexico,Men,45-49,Finisher,50K,Nakawé,49,2300,2024
60,08:11:30,Pete WALLSTROM,United States of America,Men,50-54,Finisher,50K,Nakawé,49,2300,2024
61,08:12:10,Miguel HERNANDEZ,Mexico,Men,20-34,Finisher,50K,Nakawé,49,2300,2024
62,08:12:50,Carlos CASTRO,Mexico,Men,20-34,Finisher,50K,Nakawé,49,2300,2024
63,08:17:02,Martin Ulises VENEGAS HERNÁNDEZ,Mexico,Men,20-34,Finisher,50K,Nakawé,49,2300,2024
64,08:17:04,Jose De Jesus PEREZ,Mexico,Men,35-39,Finisher,50K,Nakawé,49,2300,2024
65,08:21:11,Gloria RAMOS CASTILLO,Mexico,Women,45-49,Finisher,50K,Nakawé,49,2300,2024
66,08:23:53,Joel ABUNDIS,Mexico,Men,45-49,Finisher,50K,Nakawé,49,2300,2024
67,08:26:51,Eduardo MOJICA,Mexico,Men,35-39,Finisher,50K,Nakawé,49,2300,2024
68,08:28:51,Jean-Baptiste BLAISE,France,Men,20-34,Finisher,50K,Nakawé,49,2300,2024
69,08:29:28,William HAMPTON,United States of America,Men,50-54,Finisher,50K,Nakawé,49,2300,2024
70,08:31:30,Isaac CIGARROA,Mexico,Men,35-39,Finisher,50K,Nakawé,49,2300,2024
71,08:33:18,Joelle SCOTT,Canada,Women,20-34,Finisher,50K,Nakawé,49,2300,2024
72,08:33:19,Everardo ÁLVAREZ MORALES (Everardo ALVAREZ MORALES),Mexico,Men,40-44,Finisher,50K,Nakawé,49,2300,2024
73,08:33:51,Mario Ivan ALCOCER DE LA ROSA,Mexico,Men,35-39,Finisher,50K,Nakawé,49,2300,2024
74,08:34:10,Mariela SILVA,Mexico,Women,40-44,Finisher,50K,Nakawé,49,2300,2024
75,08:34:33,Pers PONCE,Mexico,Men,35-39,Finisher,50K,Nakawé,49,2300,2024
76,08:34:53,Pierre BUHOT LAUNAY,France,Men,45-49,Finisher,50K,Nakawé,49,2300,2024
77,08:38:19,Leoncio MONTES HERNANDEZ,Mexico,Men,35-39,Finisher,50K,Nakawé,49,2300,2024
78,08:38:38,Marc LLONCH BLANQUE,Spain,Men,20-34,Finisher,50K,Nakawé,49,2300,2024
79,08:38:40,Salvador JUAREZ,Mexico,Men,20-34,Finisher,50K,Nakawé,49,2300,2024
80,08:39:07,Raymundo MEDRANO,Mexico,Men,20-34,Finisher,50K,Nakawé,49,2300,2024
81,08:40:50,Jorge DEZA LEON,Peru,Men,40-44,Finisher,50K,Nakawé,49,2300,2024
82,08:41:26,Benoit ROQUES,France,Men,40-44,Finisher,50K,Nakawé,49,2300,2024
83,08:43:24,Eduardo SAMANO,Mexico,Men,20-34,Finisher,50K,Nakawé,49,2300,2024
84,08:43:32,Miguel Alfredo ZAMORA LOPEZ,Mexico,Men,45-49,Finisher,50K,Nakawé,49,2300,2024
85,08:45:36,Prisila PRIEGO SAUCEDO,Mexico,Women,35-39,Finisher,50K,Nakawé,49,2300,2024
86,08:48:39,Alejandro NICOLAS CHACON,Mexico,Men,20-34,Finisher,50K,Nakawé,49,2300,2024
87,08:49:10,Charlotte HILDEBRANDT,Chile,Women,20-34,Finisher,50K,Nakawé,49,2300,2024
88,08:50:36,Edwin Johjan QUIROGA GUERRERO,Colombia,Men,20-34,Finisher,50K,Nakawé,49,2300,2024
89,08:51:01,Fernando SANCHEZ,Mexico,Men,35-39,Finisher,50K,Nakawé,49,2300,2024
90,08:53:47,Jose Gabriel AVILA COVARRUBIAS,Mexico,Men,50-54,Finisher,50K,Nakawé,49,2300,2024
91,08:54:23,Juan Simon BUSTAMANTE,Ecuador,Men,50-54,Finisher,50K,Nakawé,49,2300,2024
92,08:55:00,Yongjin JO,South Korea,Men,35-39,Finisher,50K,Nakawé,49,2300,2024
93,08:55:03,Diego CHAVEZ,Mexico,Men,40-44,Finisher,50K,Nakawé,49,2300,2024
94,08:55:07,María Eugenia HERRERA NAVARRO,Mexico,Women,35-39,Finisher,50K,Nakawé,49,2300,2024
95,08:55:23,Andres ORELLANA,Mexico,Men,35-39,Finisher,50K,Nakawé,49,2300,2024
96,08:56:07,Catherine ROY-CARDIN,Canada,Women,40-44,Finisher,50K,Nakawé,49,2300,2024
96,08:56:07,Karine BROUSSEAU,Canada,Women,40-44,Finisher,50K,Nakawé,49,2300,2024
98,08:56:25,Fernando ESQUIVEL AGUIRRE,Mexico,Men,20-34,Finisher,50K,Nakawé,49,2300,2024
99,08:59:12,Adil TICHANI,France,Men,20-34,Finisher,50K,Nakawé,49,2300,2024
100,09:00:44,Erick Emmanuel REYES NUÑEZ,Mexico,Men,20-34,Finisher,50K,Nakawé,49,2300,2024
101,09:01:18,Marc MIRO SANS,Spain,Men,20-34,Finisher,50K,Nakawé,49,2300,2024
101,09:01:18,Sara SAGNIER TOMAS,Spain,Women,20-34,Finisher,50K,Nakawé,49,2300,2024
103,09:02:11,Ricardo ONTIVEROS,Mexico,Men,20-34,Finisher,50K,Nakawé,49,2300,2024
104,09:03:05,Brayan TORRES,Guatemala,Men,20-34,Finisher,50K,Nakawé,49,2300,2024
105,09:03:09,Anonymous,Mexico,Men,20-34,Finisher,50K,Nakawé,49,2300,2024
106,09:03:25,Spencer BUSBY,United States of America,Men,20-34,Finisher,50K,Nakawé,49,2300,2024
107,09:03:33,Julian TAPIA,United States of America,Men,20-34,Finisher,50K,Nakawé,49,2300,2024
108,09:03:41,Yulisa FUENTES BUSTILLOS,Mexico,Women,20-34,Finisher,50K,Nakawé,49,2300,2024
109,09:03:50,Pedro Samuel CORTEZ ORTIZ,Mexico,Men,40-44,Finisher,50K,Nakawé,49,2300,2024
110,09:06:07,María José PANTOJA,Mexico,Women,20-34,Finisher,50K,Nakawé,49,2300,2024
111,09:06:54,Jose AVILA,Mexico,Men,50-54,Finisher,50K,Nakawé,49,2300,2024
112,09:10:27,Luis GANDARA,Mexico,Men,35-39,Finisher,50K,Nakawé,49,2300,2024
113,09:10:46,Santiago CANEL SORIA,Mexico,Men,20-34,Finisher,50K,Nakawé,49,2300,2024
114,09:11:23,Marco Antonio GATICA FIGUEROA,Mexico,Men,40-44,Finisher,50K,Nakawé,49,2300,2024
115,09:12:17,Lisa PETIT,France,Women,20-34,Finisher,50K,Nakawé,49,2300,2024
116,09:12:56,Anthony MONTREUIL,Canada,Men,20-34,Finisher,50K,Nakawé,49,2300,2024
117,09:12:57,Gabriel VILLENEUVE,Canada,Men,20-34,Finisher,50K,Nakawé,49,2300,2024
117,09:12:57,Collerette MARIANNE,Canada,Women,20-34,Finisher,50K,Nakawé,49,2300,2024
119,09:14:57,Ryan GARBER,United States of America,Men,45-49,Finisher,50K,Nakawé,49,2300,2024
120,09:16:34,Carlos Alonso GAMBOA CASTRO,Mexico,Men,35-39,Finisher,50K,Nakawé,49,2300,2024
121,09:18:26,Manuel DUSSAULT GOMEZ,Mexico,Men,20-34,Finisher,50K,Nakawé,49,2300,2024
122,09:18:51,Isis Jaquelin JIMENEZ VALENCIA,Mexico,Women,35-39,Finisher,50K,Nakawé,49,2300,2024
123,09:18:58,Paul Adrian HERNANDEZ VEGA,Mexico,Men,35-39,Finisher,50K,Nakawé,49,2300,2024
124,09:19:18,Virginia MOLINA,Mexico,Women,40-44,Finisher,50K,Nakawé,49,2300,2024
125,09:20:42,Jorge ALVAREZ,Mexico,Men,40-44,Finisher,50K,Nakawé,49,2300,2024
126,09:21:10,Maria-Clara SERINO,Argentina,Women,55-59,Finisher,50K,Nakawé,49,2300,2024
127,09:21:46,Pamella FALLEIROS,Brazil,Women,40-44,Finisher,50K,Nakawé,49,2300,2024
128,09:21:48,Ramon COLOSIO,Mexico,Men,35-39,Finisher,50K,Nakawé,49,2300,2024
129,09:22:37,Efren VALE CUEN,Mexico,Men,60-64,Finisher,50K,Nakawé,49,2300,2024
130,09:25:06,Jessica QUIROZ CASTRO,Mexico,Women,20-34,Finisher,50K,Nakawé,49,2300,2024
131,09:25:49,Shawn BUSSERT,United States of America,Men,45-49,Finisher,50K,Nakawé,49,2300,2024
132,09:26:45,Aaron ORVEDAHL,United States of America,Men,20-34,Finisher,50K,Nakawé,49,2300,2024
133,09:27:27,Erik HERNANDEZ OLALDE,Mexico,Men,20-34,Finisher,50K,Nakawé,49,2300,2024
134,09:27:53,Paula GONZALEZ ZEPEDA,Mexico,Women,20-34,Finisher,50K,Nakawé,49,2300,2024
135,09:28:46,Jessica JUSTUS,United States of America,Women,35-39,Finisher,50K,Nakawé,49,2300,2024
136,09:29:03,Rodrigo OLAYA,Colombia,Men,20-34,Finisher,50K,Nakawé,49,2300,2024
137,09:29:35,Madi BUDGE,United States of America,Women,20-34,Finisher,50K,Nakawé,49,2300,2024
137,09:29:35,Maddi GROEN,United States of America,Women,20-34,Finisher,50K,Nakawé,49,2300,2024
139,09:30:36,Aaron GARCIA,Mexico,Men,20-34,Finisher,50K,Nakawé,49,2300,2024
140,09:31:26,Luis Angel PADILLA JIMÉNEZ,Mexico,Men,20-34,Finisher,50K,Nakawé,49,2300,2024
141,09:31:32,Santiago PARDINAS FAVELA,Mexico,Men,20-34,Finisher,50K,Nakawé,49,2300,2024
142,09:31:52,Anahi LAZCANO,Mexico,Women,20-34,Finisher,50K,Nakawé,49,2300,2024
143,09:31:59,Timothé ISVY,France,Men,20-34,Finisher,50K,Nakawé,49,2300,2024
144,09:34:50,Juan Pablo MONTOYA EUSSE,Colombia,Men,40-44,Finisher,50K,Nakawé,49,2300,2024
145,09:37:31,Austin BROWN,United States of America,Men,35-39,Finisher,50K,Nakawé,49,2300,2024
146,09:37:38,Angelica Vianney RIOS GUTIERREZ,Mexico,Women,20-34,Finisher,50K,Nakawé,49,2300,2024
147,09:38:05,Mindy MCCUNE,United States of America,Women,20-34,Finisher,50K,Nakawé,49,2300,2024
148,09:38:19,Christian GARCÍA-HERNÁNDEZ,Mexico,Men,40-44,Finisher,50K,Nakawé,49,2300,2024
149,09:38:40,Mauricio GONZALEZ,Mexico,Men,20-34,Finisher,50K,Nakawé,49,2300,2024
150,09:39:30,John GONZALES,Peru,Men,45-49,Finisher,50K,Nakawé,49,2300,2024
151,09:45:48,Florencio Arturo PORTILLO PONCE,Mexico,Men,65-69,Finisher,50K,Nakawé,49,2300,2024
152,09:49:04,Federico ARRIZABALAGA,Spain,Men,45-49,Finisher,50K,Nakawé,49,2300,2024
153,09:50:01,Walter VEGA,Mexico,Men,45-49,Finisher,50K,Nakawé,49,2300,2024
154,09:52:59,Sandra Luisa LOPEZ NANDO,Mexico,Women,35-39,Finisher,50K,Nakawé,49,2300,2024
155,09:53:06,Ximena Magali ROSILLO CEVALLOS,Mexico,Women,20-34,Finisher,50K,Nakawé,49,2300,2024
156,09:54:04,Austin ALLAN,United States of America,Men,35-39,Finisher,50K,Nakawé,49,2300,2024
157,09:54:16,Monica GAMARRA,Paraguay,Women,35-39,Finisher,50K,Nakawé,49,2300,2024
158,09:54:35,Mayra MAGDALENO,Mexico,Women,35-39,Finisher,50K,Nakawé,49,2300,2024
159,09:58:41,Roberto GARRIDO ESPINOSA,Mexico,Men,20-34,Finisher,50K,Nakawé,49,2300,2024
160,09:59:03,Hazael MORALES FLORES,Mexico,Men,40-44,Finisher,50K,Nakawé,49,2300,2024
161,09:59:22,Quentin CANGUILHEM,France,Men,20-34,Finisher,50K,Nakawé,49,2300,2024
162,10:04:57,James MC CARTHY,Mexico,Men,20-34,Finisher,50K,Nakawé,49,2300,2024
163,10:05:41,Elkin DIAZ,Colombia,Men,20-34,Finisher,50K,Nakawé,49,2300,2024
164,10:07:06,Rudy CRUZ,Mexico,Men,20-34,Finisher,50K,Nakawé,49,2300,2024
165,10:07:07,Daniel Absalon RAMIREZ RODRIGUEZ,Mexico,Men,20-34,Finisher,50K,Nakawé,49,2300,2024
166,10:09:47,Carolina PALMA GARCIA,Mexico,Women,35-39,Finisher,50K,Nakawé,49,2300,2024
167,10:10:48,Juan Eduardo YANEZ GARCIA,Mexico,Men,35-39,Finisher,50K,Nakawé,49,2300,2024
168,10:11:49,John BALLAY,United States of America,Men,40-44,Finisher,50K,Nakawé,49,2300,2024
169,10:11:50,Chase BOLDING,United States of America,Men,40-44,Finisher,50K,Nakawé,49,2300,2024
170,10:12:13,Gerardo GODINEZ,Mexico,Men,20-34,Finisher,50K,Nakawé,49,2300,2024
170,10:12:13,Samuel ZAMORA,Mexico,Men,20-34,Finisher,50K,Nakawé,49,2300,2024
172,10:14:06,Laurent DUVILLIER,Belgium,Men,50-54,Finisher,50K,Nakawé,49,2300,2024
173,10:14:45,Mireya SALINAS ESQUIVEL,Mexico,Women,40-44,Finisher,50K,Nakawé,49,2300,2024
174,10:14:53,Kexin WANG,China,Women,20-34,Finisher,50K,Nakawé,49,2300,2024
175,10:15:37,Spencer HUNT,United States of America,Men,20-34,Finisher,50K,Nakawé,49,2300,2024
175,10:15:37,Yolanda JAIME SOTO,Mexico,Women,40-44,Finisher,50K,Nakawé,49,2300,2024
177,10:15:38,Walter CAMPOS,Costa Rica,Men,60-64,Finisher,50K,Nakawé,49,2300,2024
178,10:15:48,Israel DIAZ MUNGUIA,Mexico,Men,40-44,Finisher,50K,Nakawé,49,2300,2024
179,10:15:57,Rodrigo-Ariel ARIETTI,Argentina,Men,40-44,Finisher,50K,Nakawé,49,2300,2024
180,10:17:09,Ronald ZUMBADO VASQUEZ,Costa Rica,Men,35-39,Finisher,50K,Nakawé,49,2300,2024
181,10:17:27,Victor KOKTA,Canada,Men,50-54,Finisher,50K,Nakawé,49,2300,2024
182,10:17:59,Hilda Lorena ROMO GUERRA,Mexico,Women,45-49,Finisher,50K,Nakawé,49,2300,2024
183,10:18:04,Candy Paez NARANJO,Mexico,Women,20-34,Finisher,50K,Nakawé,49,2300,2024
184,10:18:21,Alexandre HAGAN,Canada,Men,45-49,Finisher,50K,Nakawé,49,2300,2024
185,10:18:37,Jesus Federico RIVERA CANTERO,Mexico,Men,45-49,Finisher,50K,Nakawé,49,2300,2024
186,10:20:30,Raúl SÁNCHEZ,Mexico,Men,45-49,Finisher,50K,Nakawé,49,2300,2024
187,10:22:11,Miguel Ángel OLIVAS AGUIRRE,Mexico,Men,35-39,Finisher,50K,Nakawé,49,2300,2024
188,10:22:39,Claudio PÉREZ,Mexico,Men,20-34,Finisher,50K,Nakawé,49,2300,2024
189,10:23:03,Elsie TORRESAN,Canada,Women,40-44,Finisher,50K,Nakawé,49,2300,2024
190,10:24:18,Alejandro REBOLLAR,Mexico,Men,50-54,Finisher,50K,Nakawé,49,2300,2024
191,10:24:24,Carmen Elena ORTIZ SOLARTE,Colombia,Women,40-44,Finisher,50K,Nakawé,49,2300,2024
192,10:26:29,Timothy BARTON,United Kingdom,Men,60-64,Finisher,50K,Nakawé,49,2300,2024
193,10:27:24,Max Francisco DELGADO ESPINOZA,Peru,Men,60-64,Finisher,50K,Nakawé,49,2300,2024
194,10:29:07,Carlos Alberto ORTIZ,Mexico,Men,20-34,Finisher,50K,Nakawé,49,2300,2024
195,10:30:29,Sergio De J GARCÍA,Mexico,Men,40-44,Finisher,50K,Nakawé,49,2300,2024
196,10:31:44,Jose Fernando TORRES OSUNA,Mexico,Men,45-49,Finisher,50K,Nakawé,49,2300,2024
197,10:31:50,Jonathan Francisco ROSAS BLANCO,Mexico,Men,35-39,Finisher,50K,Nakawé,49,2300,2024
198,10:33:55,Mario VILLAGRAN,Ecuador,Men,65-69,Finisher,50K,Nakawé,49,2300,2024
199,10:34:29,Jose Samuel AVINA RIVERA,Mexico,Men,40-44,Finisher,50K,Nakawé,49,2300,2024
200,10:34:46,Alexandra BRYANT,United States of America,Women,20-34,Finisher,50K,Nakawé,49,2300,2024
201,10:35:52,Silvia Esmeralda ALONZO,Mexico,Women,40-44,Finisher,50K,Nakawé,49,2300,2024
202,10:37:10,Fawn HOLLAND,Canada,Women,45-49,Finisher,50K,Nakawé,49,2300,2024
203,10:37:37,Yanet CIENEGA GUZMÁN,Mexico,Women,40-44,Finisher,50K,Nakawé,49,2300,2024
204,10:37:57,Juanita MERCHAN PEREZ,Colombia,Women,20-34,Finisher,50K,Nakawé,49,2300,2024
205,10:40:20,Jesús Iván RIVERA CANTERO,Mexico,Men,20-34,Finisher,50K,Nakawé,49,2300,2024
206,10:41:39,Eduardo Carlos HUERTA VERA,Mexico,Men,20-34,Finisher,50K,Nakawé,49,2300,2024
207,10:44:20,Mauricio ZAYRIK,Mexico,Men,20-34,Finisher,50K,Nakawé,49,2300,2024
208,10:44:41,Matthias PANOSCHA,Germany,Men,35-39,Finisher,50K,Nakawé,49,2300,2024
209,10:44:51,Jesus Alberto YAÑEZ MUÑOZ,Mexico,Men,50-54,Finisher,50K,Nakawé,49,2300,2024
210,10:45:44,Alexis Michael VERDUZCO PIMENTEL,Mexico,Men,20-34,Finisher,50K,Nakawé,49,2300,2024
211,10:46:20,Clara Isabel SOTO RODRIGUEZ,Mexico,Women,20-34,Finisher,50K,Nakawé,49,2300,2024
212,10:46:41,Diego PAYÁN,Mexico,Men,20-34,Finisher,50K,Nakawé,49,2300,2024
213,10:48:31,Guillermo JUÁREZ OLIVARES,Mexico,Men,45-49,Finisher,50K,Nakawé,49,2300,2024
214,10:48:48,Abraham GONZALEZ MENDOZA,Mexico,Men,40-44,Finisher,50K,Nakawé,49,2300,2024
215,10:49:24,Edgar ENRÍQUEZ,Mexico,Men,50-54,Finisher,50K,Nakawé,49,2300,2024
216,10:50:01,Julianne WHITELAW,United States of America,Women,50-54,Finisher,50K,Nakawé,49,2300,2024
216,10:50:01,Scott KLETTKE,United States of America,Men,50-54,Finisher,50K,Nakawé,49,2300,2024
218,10:53:17,Evelyn VARGAS MADRIGAL,Costa Rica,Women,35-39,Finisher,50K,Nakawé,49,2300,2024
219,10:53:25,Luis Omar DOMINGUEZ,Mexico,Men,20-34,Finisher,50K,Nakawé,49,2300,2024
220,10:54:24,John DALY,United States of America,Men,60-64,Finisher,50K,Nakawé,49,2300,2024
221,10:56:06,Elsa Andrea RODRIGUEZ CANALES,Mexico,Women,20-34,Finisher,50K,Nakawé,49,2300,2024
221,10:56:06,Óscar Sebastián GARCIA DE LOS SANTOS (Oscar Sebastian GARCIA DE LOS SANTOS),Mexico,Men,20-34,Finisher,50K,Nakawé,49,2300,2024
223,10:56:26,Claudia Elizabeth MONTIEL SOLANO,Mexico,Women,35-39,Finisher,50K,Nakawé,49,2300,2024
224,10:57:31,Jose BACA MARTÍNEZ,Peru,Men,35-39,Finisher,50K,Nakawé,49,2300,2024
224,10:57:31,Adriana CASTAÑEDA,Mexico,Women,40-44,Finisher,50K,Nakawé,49,2300,2024
226,10:58:10,Tabata SANCHEZ,Mexico,Women,20-34,Finisher,50K,Nakawé,49,2300,2024
227,10:58:12,Valdireni MEDEIROS,Brazil,Women,40-44,Finisher,50K,Nakawé,49,2300,2024
228,10:58:15,Ricardo BARRERA MORALES,Mexico,Men,20-34,Finisher,50K,Nakawé,49,2300,2024
229,10:58:24,Leonardo CAPACHO,Colombia,Men,50-54,Finisher,50K,Nakawé,49,2300,2024
230,10:59:34,Abner HERNÁNDEZ,Mexico,Men,35-39,Finisher,50K,Nakawé,49,2300,2024
231,10:59:44,Hiram VELEZ,Mexico,Men,20-34,Finisher,50K,Nakawé,49,2300,2024
232,11:03:08,Carlos Alberto MORA DONJUÁN,Mexico,Men,45-49,Finisher,50K,Nakawé,49,2300,2024
233,11:04:01,Oscar ROJAS MUNGUIA,Mexico,Men,45-49,Finisher,50K,Nakawé,49,2300,2024
234,11:04:21,Marie-Claude VIAU,Canada,Women,35-39,Finisher,50K,Nakawé,49,2300,2024
235,11:04:51,Catalina GALINDO RODRIGUEZ,Mexico,Women,55-59,Finisher,50K,Nakawé,49,2300,2024
236,11:04:54,Michel CUENCA,Colombia,Women,40-44,Finisher,50K,Nakawé,49,2300,2024
237,11:05:48,Patricia ROJAS MUNGUIA,Mexico,Women,50-54,Finisher,50K,Nakawé,49,2300,2024
238,11:06:47,José Carlos REQUENA,Peru,Men,45-49,Finisher,50K,Nakawé,49,2300,2024
239,11:07:49,Moises NUNEZ,Mexico,Men,35-39,Finisher,50K,Nakawé,49,2300,2024
240,11:07:53,César Augusto GARCES FRANCO,Mexico,Men,20-34,Finisher,50K,Nakawé,49,2300,2024
241,11:07:56,Cristian Ruben CASIQUE GARCIA,Mexico,Men,20-34,Finisher,50K,Nakawé,49,2300,2024
242,11:08:30,Guillermo CAMPILLO,Mexico,Men,55-59,Finisher,50K,Nakawé,49,2300,2024
242,11:08:30,Anonymous,Mexico,Men,50-54,Finisher,50K,Nakawé,49,2300,2024
244,11:08:53,Carlos MEZA,Costa Rica,Men,60-64,Finisher,50K,Nakawé,49,2300,2024
245,11:09:11,Daniel CUEVA MARTINEZ,Mexico,Men,50-54,Finisher,50K,Nakawé,49,2300,2024
246,11:09:44,Kenny Alicia ESTEFANIA TELLO,Mexico,Women,45-49,Finisher,50K,Nakawé,49,2300,2024
247,11:09:54,Fernando RAMIREZ,Mexico,Men,35-39,Finisher,50K,Nakawé,49,2300,2024
248,11:10:07,Felix Asael ZAMUDIO SAVINON,Mexico,Men,35-39,Finisher,50K,Nakawé,49,2300,2024
249,11:10:32,Daniel HERNÁNDEZ AGUILAR,Mexico,Men,20-34,Finisher,50K,Nakawé,49,2300,2024
250,11:11:08,Francisco MENDEZ,Mexico,Men,45-49,Finisher,50K,Nakawé,49,2300,2024
251,11:12:47,Loraine MONTAÑO CORRAL,Mexico,Women,45-49,Finisher,50K,Nakawé,49,2300,2024
252,11:14:38,Shaun COE,United States of America,Men,20-34,Finisher,50K,Nakawé,49,2300,2024
253,11:14:47,Andrés MACIAS,Mexico,Men,50-54,Finisher,50K,Nakawé,49,2300,2024
254,11:16:05,Rodolfo DIAZ ZUÑIGA,Mexico,Men,40-44,Finisher,50K,Nakawé,49,2300,2024
255,11:18:12,Alfredo GONZALEZ,Mexico,Men,40-44,Finisher,50K,Nakawé,49,2300,2024
256,11:19:58,Hernan SANCHEZ GALGUERA,Mexico,Men,50-54,Finisher,50K,Nakawé,49,2300,2024
257,11:21:02,Camilo Ernesto BECERRA ESPITIA,Colombia,Men,45-49,Finisher,50K,Nakawé,49,2300,2024
258,11:21:15,Jose Eduardo RUBIO GOMEZ,Mexico,Men,60-64,Finisher,50K,Nakawé,49,2300,2024
259,11:21:29,Karla Denise HERNÁNDEZ,Mexico,Women,40-44,Finisher,50K,Nakawé,49,2300,2024
260,11:25:20,Salvador MINUTTI,Mexico,Men,20-34,Finisher,50K,Nakawé,49,2300,2024
261,11:29:15,Francisco Isaí NAVARRO JUÁREZ,Mexico,Men,20-34,Finisher,50K,Nakawé,49,2300,2024
262,11:29:57,Jose ALVAREZ JUAREZ,Mexico,Men,20-34,Finisher,50K,Nakawé,49,2300,2024
263,11:30:20,Daniel ISAAK,Paraguay,Men,35-39,Finisher,50K,Nakawé,49,2300,2024
264,11:30:36,Francisco LEÓN AVELEYRA,Mexico,Men,20-34,Finisher,50K,Nakawé,49,2300,2024
265,11:31:52,Ben BARRERA,Mexico,Men,40-44,Finisher,50K,Nakawé,49,2300,2024
266,11:32:01,Levi DEIKE,United States of America,Men,20-34,Finisher,50K,Nakawé,49,2300,2024
267,11:32:31,Blanca Analy HINOJOSA LERMA,Mexico,Women,20-34,Finisher,50K,Nakawé,49,2300,2024
268,11:32:50,Lizbeth ESPINOSA,Mexico,Women,50-54,Finisher,50K,Nakawé,49,2300,2024
269,11:34:09,Sarah-Maude FORGET,Canada,Women,35-39,Finisher,50K,Nakawé,49,2300,2024
270,11:35:02,Israel CARBALLO MONTAÑO,Mexico,Men,40-44,Finisher,50K,Nakawé,49,2300,2024
271,11:35:28,Samantha Estela GONZÁLEZ FRIAS,Mexico,Women,20-34,Finisher,50K,Nakawé,49,2300,2024
272,11:35:29,Annette Maria GONZÁLEZ FRIAS,Mexico,Women,20-34,Finisher,50K,Nakawé,49,2300,2024
273,11:35:36,Samuel ROMÁN LUNA,Mexico,Men,20-34,Finisher,50K,Nakawé,49,2300,2024
274,11:39:07,Alonso GOMEZ,Mexico,Men,20-34,Finisher,50K,Nakawé,49,2300,2024
275,11:39:10,Héctor HERNÁNDEZ ANAYA,Mexico,Men,20-34,Finisher,50K,Nakawé,49,2300,2024
276,11:39:12,Kinza BARNEY,Canada,Women,45-49,Finisher,50K,Nakawé,49,2300,2024
277,11:43:45,Luis Alfredo GONZALEZ DURAN,Mexico,Men,35-39,Finisher,50K,Nakawé,49,2300,2024
278,11:43:51,Isaac Rafael AVENDAÑO CONTRERAS,Mexico,Men,20-34,Finisher,50K,Nakawé,49,2300,2024
279,11:44:19,Dulce Erandi MONTECILLO BALDERAS,Mexico,Women,20-34,Finisher,50K,Nakawé,49,2300,2024
280,11:45:03,Luis Hever RUIZ VARGAS,Mexico,Men,40-44,Finisher,50K,Nakawé,49,2300,2024
281,11:45:59,Hugo Jacob LARIOS GUERRERO,Mexico,Men,45-49,Finisher,50K,Nakawé,49,2300,2024
282,11:49:51,Marcelo Abrahan PEREZ SANCHEZ,Mexico,Men,40-44,Finisher,50K,Nakawé,49,2300,2024
283,11:50:05,Anonymous,Mexico,Women,20-34,Finisher,50K,Nakawé,49,2300,2024
284,11:50:54,Sergio SORIANO,Mexico,Men,20-34,Finisher,50K,Nakawé,49,2300,2024
285,11:52:36,Lucia MORENO CUBIDES,Colombia,Women,45-49,Finisher,50K,Nakawé,49,2300,2024
286,11:53:03,Greivin CUBILLO,Costa Rica,Men,45-49,Finisher,50K,Nakawé,49,2300,2024
287,11:54:55,Juan Carlos MARTINEZ SANTANA,Mexico,Men,55-59,Finisher,50K,Nakawé,49,2300,2024
288,11:55:18,Manuel ALVAREZ,Mexico,Men,45-49,Finisher,50K,Nakawé,49,2300,2024
289,11:57:46,Luis VILLALPANDO,Mexico,Men,40-44,Finisher,50K,Nakawé,49,2300,2024
290,11:59:11,Rafael ORTEGA,Mexico,Men,20-34,Finisher,50K,Nakawé,49,2300,2024
291,12:00:19,Sara ROCHA,Canada,Women,50-54,Finisher,50K,Nakawé,49,2300,2024
292,12:01:04,Willy RUIZ VEGA,Mexico,Men,20-34,Finisher,50K,Nakawé,49,2300,2024
293,12:02:38,Valeria PETRAY,Argentina,Women,60-64,Finisher,50K,Nakawé,49,2300,2024
294,12:03:07,Hugo Roberto AVILA RIVERA,Mexico,Men,35-39,Finisher,50K,Nakawé,49,2300,2024
295,12:05:19,Rubén PÉREZ BAÉZ,Mexico,Men,50-54,Finisher,50K,Nakawé,49,2300,2024
296,12:06:22,Rodrigo Antonio SAN GERMAN SALCEDO,Mexico,Men,20-34,Finisher,50K,Nakawé,49,2300,2024
297,12:06:35,Fausto TORRES,Mexico,Men,45-49,Finisher,50K,Nakawé,49,2300,2024
298,12:07:29,José HERRERA,Mexico,Men,45-49,Finisher,50K,Nakawé,49,2300,2024
299,12:08:40,Alexander GABER,United States of America,Men,40-44,Finisher,50K,Nakawé,49,2300,2024
300,12:12:00,Ethan TRYHUBCZAK,United States of America,Men,20-34,Finisher,50K,Nakawé,49,2300,2024
301,12:12:31,David SANCHEZ,United States of America,Men,60-64,Finisher,50K,Nakawé,49,2300,2024
302,12:12:48,Vladimir Ivan NAVARRO VELAZQUEZ,Mexico,Men,40-44,Finisher,50K,Nakawé,49,2300,2024
303,12:13:50,Ivonne Jazziel BARRIOS MARTÍNEZ,Mexico,Women,20-34,Finisher,50K,Nakawé,49,2300,2024
304,12:14:29,Andres ORANTES ALVAREZ,Mexico,Men,20-34,Finisher,50K,Nakawé,49,2300,2024
304,12:14:29,Jaime Orlando DAMIÁN HERNÁNDEZ,Mexico,Men,20-34,Finisher,50K,Nakawé,49,2300,2024
306,12:16:05,Jacqueline Francis GONZALEZ SANDOVAL,Mexico,Women,45-49,Finisher,50K,Nakawé,49,2300,2024
307,12:16:06,Julio Cesar LOPEZ MAGAÑA,Mexico,Men,45-49,Finisher,50K,Nakawé,49,2300,2024
307,12:16:06,Claudia Alejandra VAZQUEZ MACIAS,Mexico,Women,20-34,Finisher,50K,Nakawé,49,2300,2024
309,12:17:19,Daniel JUMP,United States of America,Men,45-49,Finisher,50K,Nakawé,49,2300,2024
310,12:18:44,Jeffrey RODRIGUEZ,Costa Rica,Men,45-49,Finisher,50K,Nakawé,49,2300,2024
311,12:18:45,Paul ANTOSZ,Canada,Men,35-39,Finisher,50K,Nakawé,49,2300,2024
312,12:19:34,Fabian Adrian QUINTEROS,Argentina,Men,55-59,Finisher,50K,Nakawé,49,2300,2024
313,12:21:54,David KORNMANN,United States of America,Men,55-59,Finisher,50K,Nakawé,49,2300,2024
314,12:26:11,Roberto CALDERON,Mexico,Men,55-59,Finisher,50K,Nakawé,49,2300,2024
314,12:26:11,María Paula CALDERON,Mexico,Women,U20,Finisher,50K,Nakawé,49,2300,2024
314,12:26:11,María CALDERON,Mexico,Women,20-34,Finisher,50K,Nakawé,49,2300,2024
317,12:28:13,Pablo REYES CRUZ,Mexico,Men,50-54,Finisher,50K,Nakawé,49,2300,2024
318,12:29:57,Andrea Yazmin FERNÁNDEZ MORALES,Mexico,Women,20-34,Finisher,50K,Nakawé,49,2300,2024
319,12:32:07,Pablo Andrés PINEDA CAPACHO,Colombia,Men,20-34,Finisher,50K,Nakawé,49,2300,2024
320,12:34:08,Daniel NUNEZ,Argentina,Men,50-54,Finisher,50K,Nakawé,49,2300,2024
321,12:34:55,Dylan HOBSON,United States of America,Men,50-54,Finisher,50K,Nakawé,49,2300,2024
322,12:36:18,David SADORF,United States of America,Men,55-59,Finisher,50K,Nakawé,49,2300,2024
323,12:38:19,Gilberto ROMERO DAVILA,Mexico,Men,20-34,Finisher,50K,Nakawé,49,2300,2024
324,12:38:46,Valentina MELLADO,Mexico,Women,20-34,Finisher,50K,Nakawé,49,2300,2024
325,12:39:51,Raul Augusto ALARCON SIERRALTA,Peru,Men,45-49,Finisher,50K,Nakawé,49,2300,2024
326,12:40:23,Eduardo GRAFF,Mexico,Men,60-64,Finisher,50K,Nakawé,49,2300,2024
327,12:40:36,Carlos VALENZUELA,Mexico,Men,40-44,Finisher,50K,Nakawé,49,2300,2024
328,12:41:49,Vladimir GUSIATNIKOV,United States of America,Men,50-54,Finisher,50K,Nakawé,49,2300,2024
329,12:44:15,Joaquin Adrian SALAZAR OLGUIN,Mexico,Men,35-39,Finisher,50K,Nakawé,49,2300,2024
330,12:44:32,Adalberto GONZALEZ,Mexico,Men,55-59,Finisher,50K,Nakawé,49,2300,2024
331,12:46:18,Verónica GAMBOA SANCHEZ,Mexico,Women,50-54,Finisher,50K,Nakawé,49,2300,2024
332,12:47:22,Victoria VICENTE,United States of America,Women,20-34,Finisher,50K,Nakawé,49,2300,2024
333,12:49:26,Bijan MATTHEWS,United States of America,Men,20-34,Finisher,50K,Nakawé,49,2300,2024
333,12:49:26,Gabrielle SAGE,United States of America,Women,20-34,Finisher,50K,Nakawé,49,2300,2024
335,12:50:29,Omar Alejandro CURIEL OROZCO,Mexico,Men,20-34,Finisher,50K,Nakawé,49,2300,2024
336,12:50:49,Emily HOGAN,Canada,Women,20-34,Finisher,50K,Nakawé,49,2300,2024
337,12:53:01,Gerardo MAGANA,Mexico,Men,35-39,Finisher,50K,Nakawé,49,2300,2024
338,12:53:35,Flavio REYNOSO,Mexico,Men,50-54,Finisher,50K,Nakawé,49,2300,2024
339,12:54:23,Cristina DELGADO,Mexico,Women,50-54,Finisher,50K,Nakawé,49,2300,2024
340,13:03:16,Nayelli ORTIZ PEREZ,Mexico,Women,45-49,Finisher,50K,Nakawé,49,2300,2024
341,13:03:43,Esther ALVARADO,Mexico,Women,20-34,Finisher,50K,Nakawé,49,2300,2024
342,13:03:44,Cesar ALVARADO,Mexico,Men,55-59,Finisher,50K,Nakawé,49,2300,2024
343,13:08:43,Alfredo ZEPEDA,Mexico,Men,20-34,Finisher,50K,Nakawé,49,2300,2024
344,13:35:32,Jorge ROMERO PAULIN,Mexico,Men,40-44,Finisher,50K,Nakawé,49,2300,2024
,00:00:00,Cristobal KUPERSCHMIT,Argentina,Men,65-69,DNF,50K,Nakawé,49,2300,2024
,00:00:00,Rene Ricardo RIVERA MORALES,Mexico,Men,50-54,DNF,50K,Nakawé,49,2300,2024
,00:00:00,Diego MONTES VELA,Mexico,Men,20-34,DNF,50K,Nakawé,49,2300,2024
,00:00:00,Mike RICO,United States of America,Men,50-54,DNF,50K,Nakawé,49,2300,2024
,00:00:00,Rafael SOBERANES ACOSTA,Mexico,Men,45-49,DNF,50K,Nakawé,49,2300,2024
,00:00:00,Jezabel GARCIA FLORES,Mexico,Women,45-49,DNF,50K,Nakawé,49,2300,2024
,00:00:00,Erik CLAUSEN,United States of America,Men,45-49,DNF,50K,Nakawé,49,2300,2024
,00:00:00,Alberto RODRIGUEZ VARGAS,Mexico,Men,65-69,DNF,50K,Nakawé,49,2300,2024
,00:00:00,Crhistian Guadalupe HUITRON GOMEZ,Mexico,Women,35-39,DNF,50K,Nakawé,49,2300,2024
,00:00:00,Michel Ivan MEDRANO FREGOSO,Mexico,Men,20-34,DNF,50K,Nakawé,49,2300,2024
,00:00:00,Anonymous,Mexico,Men,40-44,DNF,50K,Nakawé,49,2300,2024
,00:00:00,Juan-Carlos LOPEZ-LUNA,Mexico,Men,45-49,DNF,50K,Nakawé,49,2300,2024
,00:00:00,Francisco VILLASENOR REYES,Mexico,Men,55-59,DNF,50K,Nakawé,49,2300,2024
,00:00:00,Pilar PELAYO PINA,Mexico,Men,20-34,DNF,50K,Nakawé,49,2300,2024
,00:00:00,Anonymous,Mexico,Women,45-49,DNF,50K,Nakawé,49,2300,2024
,00:00:00,Grant COLLIGAN,United States of America,Men,20-34,DNF,50K,Nakawé,49,2300,2024
,00:00:00,Caitlin MCINTIRE,United States of America,Women,20-34,DNF,50K,Nakawé,49,2300,2024
,00:00:00,Chris MCCANN,United States of America,Men,35-39,DNF,50K,Nakawé,49,2300,2024
,00:00:00,Eberardo RODRIGUEZ GARCIA,Mexico,Men,45-49,DNF,50K,Nakawé,49,2300,2024
,00:00:00,Roberto GONZALEZ,Mexico,Men,20-34,DNF,50K,Nakawé,49,2300,2024
,00:00:00,Katherinn MONSALVO,Mexico,Women,20-34,DNF,50K,Nakawé,49,2300,2024
,00:00:00,Richard ARIES,United Kingdom,Men,20-34,DNF,50K,Nakawé,49,2300,2024
,00:00:00,Unknown UNKNOWN,Mexico,Men,80+,DNF,50K,Nakawé,49,2300,2024
,00:00:00,Anthony LOPEZ,Mexico,Men,40-44,DNF,50K,Nakawé,49,2300,2024
,00:00:00,Juan Carlos ORTIZ,Mexico,Men,55-59,DNF,50K,Nakawé,49,2300,2024
,00:00:00,Michael ROBEY,United States of America,Men,40-44,DNF,50K,Nakawé,49,2300,2024
,00:00:00,Andrew BOOTH,United States of America,Men,35-39,DNF,50K,Nakawé,49,2300,2024
,00:00:00,Juan MERAZ,United States of America,Men,20-34,DNF,50K,Nakawé,49,2300,2024
,00:00:00,Juan Alberto MATA HERNANDEZ,Mexico,Men,35-39,DNF,50K,Nakawé,49,2300,2024
,00:00:00,Juan Pablo RAMIREZ RANGEL,Mexico,Men,20-34,DNF,50K,Nakawé,49,2300,2024
,00:00:00,Yara Nelly MARTINEZ CRUZ,Mexico,Women,35-39,DNF,50K,Nakawé,49,2300,2024
,00:00:00,Enrique ZAMUDIO MALDONADO,Mexico,Men,40-44,DNF,50K,Nakawé,49,2300,2024
,00:00:00,David FENNAH,United Kingdom,Men,50-54,DNF,50K,Nakawé,49,2300,2024
,00:00:00,Karen Zeltzin AGUIRRE SACHEZ,Mexico,Women,35-39,DNF,50K,Nakawé,49,2300,2024
,00:00:00,Jesus RUIZ VALENCIA,Mexico,Men,50-54,DNF,50K,Nakawé,49,2300,2024
,00:00:00,Ignacio Carlos ARCOS RUEDA,Mexico,Men,45-49,DNF,50K,Nakawé,49,2300,2024
,00:00:00,Pamela Alejandra ARELLANO GOMEZ,Mexico,Women,40-44,DNF,50K,Nakawé,49,2300,2024
,00:00:00,Sabrina WHITE LOREDO,Mexico,Women,20-34,DNF,50K,Nakawé,49,2300,2024
1,03:01:56,Abraham HERNANDEZ,Mexico,Men,20-34,Finisher,33K,Haramara,33,1550,2024
2,03:26:26,Jhoan Sebastian RIVERA ALAPE,Colombia,Men,20-34,Finisher,33K,Haramara,33,1550,2024
3,03:46:08,Francisco Axel CORONA CARRETERO,Mexico,Men,20-34,Finisher,33K,Haramara,33,1550,2024
4,03:57:43,Jonatan Uriel MENDIETA CASTILLO,Mexico,Men,20-34,Finisher,33K,Haramara,33,1550,2024
5,04:01:50,Ricardo CHAVARRIA,Mexico,Men,40-44,Finisher,33K,Haramara,33,1550,2024
6,04:04:47,Frida CERVANTES,Mexico,Women,20-34,Finisher,33K,Haramara,33,1550,2024
7,04:06:02,Emilie MANN,Canada,Women,20-34,Finisher,33K,Haramara,33,1550,2024
8,04:06:18,Luis Arturo VALENZUELA GRIJALVA,Mexico,Men,20-34,Finisher,33K,Haramara,33,1550,2024
9,04:06:22,Denisse SANCHEZ,Mexico,Women,20-34,Finisher,33K,Haramara,33,1550,2024
10,04:06:37,Andres ORDONEZ,Mexico,Men,20-34,Finisher,33K,Haramara,33,1550,2024
11,04:06:47,Nayeli DE LA TORRE,Mexico,Women,20-34,Finisher,33K,Haramara,33,1550,2024
12,04:12:07,Fernando Daniel GARCIA RODRIGUEZ,Mexico,Men,35-39,Finisher,33K,Haramara,33,1550,2024
13,04:15:14,Yeni Paola MORALES PULIDO,Colombia,Women,20-34,Finisher,33K,Haramara,33,1550,2024
14,04:18:28,Brad BUXTON,Canada,Men,40-44,Finisher,33K,Haramara,33,1550,2024
15,04:26:13,Chip JACKSON,United States of America,Men,20-34,Finisher,33K,Haramara,33,1550,2024
16,04:28:18,Maria LOPEZ,Mexico,Women,U20,Finisher,33K,Haramara,33,1550,2024
17,04:28:35,Orlando ORTIZ JIMÉNEZ,Mexico,Men,35-39,Finisher,33K,Haramara,33,1550,2024
18,04:30:50,Trent MORROW,United States of America,Men,50-54,Finisher,33K,Haramara,33,1550,2024
19,04:32:48,Oskar ROMERO,Mexico,Men,45-49,Finisher,33K,Haramara,33,1550,2024
20,04:33:29,Francisco CALDERON,Costa Rica,Men,50-54,Finisher,33K,Haramara,33,1550,2024
21,04:34:48,Maria Del Rocio FLORES CARDENAS,Mexico,Women,40-44,Finisher,33K,Haramara,33,1550,2024
22,04:38:18,David BRU,Spain,Men,20-34,Finisher,33K,Haramara,33,1550,2024
23,04:39:29,Marigel BARAJAS,Mexico,Women,20-34,Finisher,33K,Haramara,33,1550,2024
24,04:41:34,Alberto HERNANDEZ PEREZ,Mexico,Men,35-39,Finisher,33K,Haramara,33,1550,2024
25,04:42:42,Fenella SCUTT,United Kingdom,Women,20-34,Finisher,33K,Haramara,33,1550,2024
26,04:42:58,Paula RODRIGUEZ,Mexico,Women,20-34,Finisher,33K,Haramara,33,1550,2024
26,04:42:58,Carina GUADALUPE,Mexico,Women,20-34,Finisher,33K,Haramara,33,1550,2024
28,04:43:27,Diego MURILLO CASTELLANOS,Mexico,Men,20-34,Finisher,33K,Haramara,33,1550,2024
29,04:43:55,Maria Emilce GIMENEZ GIRELLI,Argentina,Women,20-34,Finisher,33K,Haramara,33,1550,2024
30,04:44:56,Jorge Luis FIGUEROA DE LARA,Mexico,Men,40-44,Finisher,33K,Haramara,33,1550,2024
31,04:45:46,Juan Jorge ANAYA PENA,Mexico,Men,20-34,Finisher,33K,Haramara,33,1550,2024
32,04:46:33,Marisa OTT,Austria,Women,20-34,Finisher,33K,Haramara,33,1550,2024
33,04:46:47,Enrique Harry CRUZ,Mexico,Men,40-44,Finisher,33K,Haramara,33,1550,2024
34,04:47:53,Adriana DEL MURO,Mexico,Women,35-39,Finisher,33K,Haramara,33,1550,2024
35,04:48:53,Laura Gabriela SANCHEZ REAL,Mexico,Women,20-34,Finisher,33K,Haramara,33,1550,2024
36,04:49:24,Rubén RONQUILLO VILLEGAS,Mexico,Men,35-39,Finisher,33K,Haramara,33,1550,2024
37,04:52:37,Jose Andres GALINDO RODRIGUEZ,Mexico,Men,35-39,Finisher,33K,Haramara,33,1550,2024
38,04:59:01,Mauricio HERNANDEZ REYES,Mexico,Men,20-34,Finisher,33K,Haramara,33,1550,2024
39,04:59:32,Alamar Pandora PENA ARCEO,Mexico,Women,35-39,Finisher,33K,Haramara,33,1550,2024
40,04:59:50,Alan CARZOLIO,Mexico,Men,20-34,Finisher,33K,Haramara,33,1550,2024
41,05:00:20,Kevin BOHM,United States of America,Men,40-44,Finisher,33K,Haramara,33,1550,2024
42,05:00:57,Juan Luis GRAJEDA,Mexico,Men,20-34,Finisher,33K,Haramara,33,1550,2024
43,05:01:51,Maude BEAUCHAMP,Canada,Women,40-44,Finisher,33K,Haramara,33,1550,2024
44,05:03:28,Imanol GARCIA URTIAGA,Mexico,Men,20-34,Finisher,33K,Haramara,33,1550,2024
45,05:05:19,Yoselinne CHAVEZ,Mexico,Women,20-34,Finisher,33K,Haramara,33,1550,2024
46,05:09:21,Juan Adrian ARIAS BAUTISTA,Mexico,Men,20-34,Finisher,33K,Haramara,33,1550,2024
47,05:10:50,Fernanda SANCHEZ,Mexico,Women,20-34,Finisher,33K,Haramara,33,1550,2024
48,05:12:19,Meinrad WYSER,Switzerland,Men,60-64,Finisher,33K,Haramara,33,1550,2024
49,05:13:33,Victor MARTINEZ,Mexico,Men,20-34,Finisher,33K,Haramara,33,1550,2024
50,05:14:05,Jesus Miguel ESPARZA,Mexico,Men,20-34,Finisher,33K,Haramara,33,1550,2024
51,05:14:11,Fedro Nathanael GÓMEZ GARCÍA,Mexico,Men,20-34,Finisher,33K,Haramara,33,1550,2024
52,05:14:16,Sabrina GREGOIRE,Canada,Women,40-44,Finisher,33K,Haramara,33,1550,2024
53,05:14:34,Estefanny FELIX,Ecuador,Women,20-34,Finisher,33K,Haramara,33,1550,2024
54,05:15:53,Luis Omar MORAN SERNA,Mexico,Men,35-39,Finisher,33K,Haramara,33,1550,2024
55,05:16:03,Clara PI CREIXELL,Spain,Women,20-34,Finisher,33K,Haramara,33,1550,2024
55,05:16:03,Agusti BARTRA-GUAL-DE TORRELLA,Spain,Men,20-34,Finisher,33K,Haramara,33,1550,2024
57,05:17:32,Sofía HERNANDEZ,Mexico,Women,20-34,Finisher,33K,Haramara,33,1550,2024
58,05:17:42,Francisco CARBAJAL,Mexico,Men,20-34,Finisher,33K,Haramara,33,1550,2024
59,05:17:59,Mariana GONZALEZ,Mexico,Women,20-34,Finisher,33K,Haramara,33,1550,2024
60,05:18:08,Sergio COBIAN BAUTISTA,Mexico,Men,20-34,Finisher,33K,Haramara,33,1550,2024
61,05:20:27,Herculano Rafael FLORES HERNANDEZ,Mexico,Men,35-39,Finisher,33K,Haramara,33,1550,2024
62,05:21:11,César Omar DIAZ MORENO,Mexico,Men,40-44,Finisher,33K,Haramara,33,1550,2024
63,05:22:12,Ricardo VALENZUELA RANGEL,Mexico,Men,40-44,Finisher,33K,Haramara,33,1550,2024
64,05:22:48,Caitlin SCHMIDT,United States of America,Women,20-34,Finisher,33K,Haramara,33,1550,2024
65,05:23:30,Luis CARCOBA,Mexico,Men,20-34,Finisher,33K,Haramara,33,1550,2024
66,05:26:56,Luis Miguel SENDIS TORRES,Mexico,Men,40-44,Finisher,33K,Haramara,33,1550,2024
67,05:28:07,Jaime RUBIO,Mexico,Men,40-44,Finisher,33K,Haramara,33,1550,2024
68,05:28:55,Alejandro CRUZ ALEMAN,Mexico,Men,40-44,Finisher,33K,Haramara,33,1550,2024
69,05:29:50,Dominik WYSER,Switzerland,Men,20-34,Finisher,33K,Haramara,33,1550,2024
70,05:29:58,Griselda MONTOYA CRUZ,Mexico,Women,35-39,Finisher,33K,Haramara,33,1550,2024
71,05:29:59,Ariel SÁNCHEZ CRUZ,Mexico,Men,20-34,Finisher,33K,Haramara,33,1550,2024
72,05:30:41,Yoel Sebastian JIMENEZ RODRIGUEZ,Mexico,Men,20-34,Finisher,33K,Haramara,33,1550,2024
73,05:31:21,Gerardo JIMÉNEZ,Mexico,Men,40-44,Finisher,33K,Haramara,33,1550,2024
74,05:32:51,Javier SALAS,Mexico,Men,20-34,Finisher,33K,Haramara,33,1550,2024
75,05:34:35,Benjamin BARRERA DEL CAMPO OLAVARRIETA,Mexico,Men,20-34,Finisher,33K,Haramara,33,1550,2024
76,05:34:57,Tania Areli OCHOA REYES,Mexico,Women,20-34,Finisher,33K,Haramara,33,1550,2024
77,05:36:14,Aida Esmeralda SANTANA ZEPEDA,Mexico,Women,45-49,Finisher,33K,Haramara,33,1550,2024
78,05:38:29,Nancy PLATA HERNÁNDEZ,Mexico,Women,20-34,Finisher,33K,Haramara,33,1550,2024
79,05:39:20,Daniel SIERRA MATUS,Mexico,Men,35-39,Finisher,33K,Haramara,33,1550,2024
80,05:39:33,Anonymous,Mexico,Men,40-44,Finisher,33K,Haramara,33,1550,2024
81,05:39:38,Aldo Daniel GARCIA RIVERA,Mexico,Men,20-34,Finisher,33K,Haramara,33,1550,2024
82,05:39:39,Fernanda SEGURA,Mexico,Women,20-34,Finisher,33K,Haramara,33,1550,2024
83,05:40:10,Marc KALIPÄUS,Germany,Men,20-34,Finisher,33K,Haramara,33,1550,2024
84,05:42:09,Mart COUTURE,Canada,Women,40-44,Finisher,33K,Haramara,33,1550,2024
85,05:42:43,Alejandro BECERRA PIMIENTA,Mexico,Men,20-34,Finisher,33K,Haramara,33,1550,2024
86,05:43:00,Adrian GUTIERREZ,Mexico,Men,20-34,Finisher,33K,Haramara,33,1550,2024
87,05:43:29,Cristian BASILIO MARTINEZ,Mexico,Men,20-34,Finisher,33K,Haramara,33,1550,2024
88,05:44:39,Hector Fabian ROMERO OROZCO,Mexico,Men,20-34,Finisher,33K,Haramara,33,1550,2024
89,05:46:42,Emilio RODRIGUEZ HERRERA,Mexico,Men,20-34,Finisher,33K,Haramara,33,1550,2024
90,05:47:04,Luis Alejandro GOMEZ RUBIO,Mexico,Men,45-49,Finisher,33K,Haramara,33,1550,2024
91,05:47:17,Javier TORRES,Mexico,Men,20-34,Finisher,33K,Haramara,33,1550,2024
92,05:48:35,Judith GOMEZ,Mexico,Women,35-39,Finisher,33K,Haramara,33,1550,2024
93,05:49:19,Jose Angel GASCA TORRES,Mexico,Men,35-39,Finisher,33K,Haramara,33,1550,2024
94,05:49:23,José Víctor MARTÍNEZ CORTEZ,Mexico,Men,40-44,Finisher,33K,Haramara,33,1550,2024
95,05:50:02,Guillermo VEGA CARDENAS,Mexico,Men,35-39,Finisher,33K,Haramara,33,1550,2024
96,05:52:41,Bruno PAYAN,Mexico,Men,20-34,Finisher,33K,Haramara,33,1550,2024
97,05:53:24,Arturo GONZALEZ,Mexico,Men,35-39,Finisher,33K,Haramara,33,1550,2024
98,05:54:15,Robert MACNAMARA,Canada,Men,35-39,Finisher,33K,Haramara,33,1550,2024
99,05:54:52,Carlos Setgey TRUJEQUE NAVARRETE,Mexico,Men,20-34,Finisher,33K,Haramara,33,1550,2024
100,05:55:03,Javier RUIZ,Mexico,Men,20-34,Finisher,33K,Haramara,33,1550,2024
101,05:56:05,Eduardo GUILLEN,Mexico,Men,20-34,Finisher,33K,Haramara,33,1550,2024
102,05:58:16,Luis Alberto LOPEZ,Mexico,Men,35-39,Finisher,33K,Haramara,33,1550,2024
103,05:59:01,Wendy Jhoana MONTENEGRO URREGO,Colombia,Women,20-34,Finisher,33K,Haramara,33,1550,2024
104,05:59:55,Ximena MALO,Mexico,Women,20-34,Finisher,33K,Haramara,33,1550,2024
105,06:00:10,Luis Javier GOMEZ GARCIA,Mexico,Men,35-39,Finisher,33K,Haramara,33,1550,2024
106,06:00:23,Anonymous,Mexico,Men,45-49,Finisher,33K,Haramara,33,1550,2024
107,06:00:55,María Cristina COTA,Mexico,Women,45-49,Finisher,33K,Haramara,33,1550,2024
108,06:01:02,Jimmy Diego Aramis ALFARO HERNÁNDEZ,Mexico,Men,35-39,Finisher,33K,Haramara,33,1550,2024
109,06:01:04,Anette Larissa ALVAREZ GARCIA,Mexico,Women,20-34,Finisher,33K,Haramara,33,1550,2024
110,06:01:31,Gabino LOPEZ CHAVERO,Mexico,Men,40-44,Finisher,33K,Haramara,33,1550,2024
111,06:01:32,Eduardo Alberto LARIOS BALTAZAR,Mexico,Men,20-34,Finisher,33K,Haramara,33,1550,2024
112,06:01:39,Christina R LARSON KOWALCZYK,Mexico,Women,35-39,Finisher,33K,Haramara,33,1550,2024
113,06:02:51,Anonymous,Colombia,Women,35-39,Finisher,33K,Haramara,33,1550,2024
114,06:04:28,Jose Luis AVALOS,Mexico,Men,40-44,Finisher,33K,Haramara,33,1550,2024
115,06:04:43,Carlos CONTRERAS,Mexico,Men,45-49,Finisher,33K,Haramara,33,1550,2024
116,06:05:21,Constancio PEREZ,Mexico,Men,35-39,Finisher,33K,Haramara,33,1550,2024
117,06:06:40,Maria Isabel VARGAS MUÑOZ,Mexico,Women,35-39,Finisher,33K,Haramara,33,1550,2024
118,06:09:22,Fernanda CABRERA,Mexico,Women,20-34,Finisher,33K,Haramara,33,1550,2024
119,06:09:53,Ivan LOPEZ,Mexico,Men,35-39,Finisher,33K,Haramara,33,1550,2024
120,06:11:40,Daniel MACIEL SANCHEZ,Mexico,Men,45-49,Finisher,33K,Haramara,33,1550,2024
121,06:11:58,Anonymous,Mexico,Men,40-44,Finisher,33K,Haramara,33,1550,2024
122,06:13:08,Daniel RODRIGUEZ,Mexico,Men,20-34,Finisher,33K,Haramara,33,1550,2024
123,06:13:58,Rodolfo Ignacio MORALES VAZQUEZ,Mexico,Men,45-49,Finisher,33K,Haramara,33,1550,2024
124,06:14:17,Diego GONZALEZ FARIAS,Mexico,Men,20-34,Finisher,33K,Haramara,33,1550,2024
125,06:17:23,Alejandro DE LA CRUZ,Mexico,Men,45-49,Finisher,33K,Haramara,33,1550,2024
126,06:18:52,Ana Gabriela COVARRUBIAS SANCHEZ,Mexico,Women,45-49,Finisher,33K,Haramara,33,1550,2024
127,06:21:47,Ricardo MALACARA JIMÉNEZ,Mexico,Men,20-34,Finisher,33K,Haramara,33,1550,2024
128,06:21:48,Amarelly FLORES,Mexico,Women,40-44,Finisher,33K,Haramara,33,1550,2024
129,06:22:48,Bernardo DIAZ DE LEON VALDES,Mexico,Men,20-34,Finisher,33K,Haramara,33,1550,2024
130,06:24:05,Guillaume DAVID,Mexico,Men,40-44,Finisher,33K,Haramara,33,1550,2024
131,06:24:33,Gabriela HERNANDEZ,Mexico,Women,45-49,Finisher,33K,Haramara,33,1550,2024
132,06:25:07,Siomara JIMENEZ,Mexico,Women,20-34,Finisher,33K,Haramara,33,1550,2024
133,06:25:29,Luis CALDERON,Mexico,Men,45-49,Finisher,33K,Haramara,33,1550,2024
134,06:26:48,Hector TORRES,Mexico,Men,55-59,Finisher,33K,Haramara,33,1550,2024
135,06:26:51,Armando HERMOSILLO MARTINEZ NEGRETE,Mexico,Men,35-39,Finisher,33K,Haramara,33,1550,2024
135,06:26:51,Ivette SEGURA,Mexico,Women,35-39,Finisher,33K,Haramara,33,1550,2024
137,06:28:09,Alberto SANCHEZ,Mexico,Men,45-49,Finisher,33K,Haramara,33,1550,2024
138,06:28:40,Juan Carlos GARCÍA FLORES,Mexico,Men,20-34,Finisher,33K,Haramara,33,1550,2024
139,06:30:43,Ruben CABRERA,Mexico,Men,40-44,Finisher,33K,Haramara,33,1550,2024
140,06:31:05,Carolina ESPINOZA GÓMEZ,Mexico,Women,20-34,Finisher,33K,Haramara,33,1550,2024
141,06:31:42,Primitivo HERRERA,Mexico,Men,60-64,Finisher,33K,Haramara,33,1550,2024
142,06:31:58,Luis Fernando OVIEDO NORIA,Mexico,Men,20-34,Finisher,33K,Haramara,33,1550,2024
143,06:32:47,Octavio MARTINEZ,Mexico,Men,45-49,Finisher,33K,Haramara,33,1550,2024
144,06:32:55,Nidia IBARRA SERRANO,Mexico,Women,20-34,Finisher,33K,Haramara,33,1550,2024
145,06:35:19,Arturo CORTEZ,Mexico,Men,35-39,Finisher,33K,Haramara,33,1550,2024
146,06:35:38,Diana MIRAMONTES INDA,Mexico,Women,20-34,Finisher,33K,Haramara,33,1550,2024
147,06:35:59,Mateo TORRES,Mexico,Men,20-34,Finisher,33K,Haramara,33,1550,2024
148,06:38:17,Arienne ROSSI,Switzerland,Women,40-44,Finisher,33K,Haramara,33,1550,2024
149,06:38:48,Raul RUIZ,Mexico,Men,50-54,Finisher,33K,Haramara,33,1550,2024
150,06:42:00,David ALBARRÁN,Mexico,Men,35-39,Finisher,33K,Haramara,33,1550,2024
151,06:44:09,Diego BRIZUELA ESPINOSA,Mexico,Men,40-44,Finisher,33K,Haramara,33,1550,2024
152,06:45:27,Carlos GARCIA,Mexico,Men,60-64,Finisher,33K,Haramara,33,1550,2024
153,06:46:32,Daniel Fernando FLORES MARTINEZ,Mexico,Men,35-39,Finisher,33K,Haramara,33,1550,2024
154,06:48:43,Everli RODRÍGUEZ MARQUEZ,Mexico,Women,35-39,Finisher,33K,Haramara,33,1550,2024
155,06:49:37,Mariana LOPEZ FRANCO,Mexico,Women,20-34,Finisher,33K,Haramara,33,1550,2024
156,06:49:38,Valentina DE LA TORRE HIDALGO,Mexico,Women,20-34,Finisher,33K,Haramara,33,1550,2024
157,06:49:47,Omar ARVIZU,Mexico,Men,20-34,Finisher,33K,Haramara,33,1550,2024
158,06:50:10,Diego Armando BAUTISTA SANCHEZ,Mexico,Men,40-44,Finisher,33K,Haramara,33,1550,2024
159,06:50:33,Elena Anna BARBERO,Italy,Women,45-49,Finisher,33K,Haramara,33,1550,2024
159,06:50:33,Manuel CONTERIO,Italy,Men,55-59,Finisher,33K,Haramara,33,1550,2024
161,06:51:23,Francisco Javier OLIVAS AGUIRRE,Mexico,Men,35-39,Finisher,33K,Haramara,33,1550,2024
162,06:51:46,Ana Cristina SOSA,Mexico,Women,20-34,Finisher,33K,Haramara,33,1550,2024
163,06:52:24,Carolina RICO,Mexico,Women,40-44,Finisher,33K,Haramara,33,1550,2024
164,06:52:38,Moises SANCHEZ,Mexico,Men,40-44,Finisher,33K,Haramara,33,1550,2024
165,06:52:55,Jose Francisco VALENCIA VELAZQUEZ,Mexico,Men,20-34,Finisher,33K,Haramara,33,1550,2024
166,06:53:08,Sandra Carolina TORRICO SANCHEZ,Mexico,Women,35-39,Finisher,33K,Haramara,33,1550,2024
167,06:53:41,Emma Juliana HERNÁNDEZ TENA,Mexico,Women,45-49,Finisher,33K,Haramara,33,1550,2024
168,06:55:22,Sandra LAREDES,Mexico,Women,20-34,Finisher,33K,Haramara,33,1550,2024
169,06:55:53,Paula DE LA CRUZ OCHOA,Mexico,Women,20-34,Finisher,33K,Haramara,33,1550,2024
170,06:58:20,Paola MARTINEZ,Mexico,Women,20-34,Finisher,33K,Haramara,33,1550,2024
171,06:59:06,Urbano CRUZ,Mexico,Men,35-39,Finisher,33K,Haramara,33,1550,2024
172,06:59:12,Josue Fernando DE LA TORRE ELIZALDE,Mexico,Men,20-34,Finisher,33K,Haramara,33,1550,2024
173,07:01:40,Hugo Gabriel MARTINEZ SANDOVA,Mexico,Men,45-49,Finisher,33K,Haramara,33,1550,2024
174,07:04:14,Gretchen PHILLIPS,United States of America,Women,60-64,Finisher,33K,Haramara,33,1550,2024
175,07:08:46,Victorio Isidro HERNANDEZ HERNANDEZ,Mexico,Men,45-49,Finisher,33K,Haramara,33,1550,2024
175,07:08:46,Victor Alejandro CORONA HERNÁNDEZ,Mexico,Men,40-44,Finisher,33K,Haramara,33,1550,2024
177,07:09:31,Abba MADRIGAL,Mexico,Men,40-44,Finisher,33K,Haramara,33,1550,2024
178,07:10:40,Marco Antonio LEDESMA TORRES,Mexico,Men,40-44,Finisher,33K,Haramara,33,1550,2024
179,07:11:53,Sebastien GROULX,Canada,Men,40-44,Finisher,33K,Haramara,33,1550,2024
180,07:12:06,Cesar DE LA GARZA GOMEZ,Mexico,Men,55-59,Finisher,33K,Haramara,33,1550,2024
181,07:12:16,Magali MARTINEZ,Mexico,Women,40-44,Finisher,33K,Haramara,33,1550,2024
182,07:12:19,Diego HERNANDEZ RAMIREZ,Mexico,Men,20-34,Finisher,33K,Haramara,33,1550,2024
183,07:16:12,Yadira REYES SANTILLAN,Mexico,Women,20-34,Finisher,33K,Haramara,33,1550,2024
183,07:16:12,Nicolas DURETZ,France,Men,40-44,Finisher,33K,Haramara,33,1550,2024
185,07:19:03,Alejandra TREJOS BARQUERO,Costa Rica,Women,45-49,Finisher,33K,Haramara,33,1550,2024
186,07:19:05,Jaime TAMAYO,Ecuador,Men,35-39,Finisher,33K,Haramara,33,1550,2024
187,07:19:26,Jose Humberto CEBALLOS VIRGEN,Mexico,Men,35-39,Finisher,33K,Haramara,33,1550,2024
188,07:19:31,Enrique GARCÍA URBINA,Mexico,Men,55-59,Finisher,33K,Haramara,33,1550,2024
189,07:21:25,Carlo GALAVIZ,Mexico,Men,40-44,Finisher,33K,Haramara,33,1550,2024
190,07:22:05,Wenceslao GONZALEZ,Mexico,Men,50-54,Finisher,33K,Haramara,33,1550,2024
191,07:23:29,Ayme Alexandra RIVAS GODINA,Mexico,Women,45-49,Finisher,33K,Haramara,33,1550,2024
192,07:24:39,Luis Fernando MENDEZ BARAJAS,Mexico,Men,20-34,Finisher,33K,Haramara,33,1550,2024
193,07:29:19,Leonel SOLIS,Mexico,Men,45-49,Finisher,33K,Haramara,33,1550,2024
194,07:30:45,Miguel Angel CORRALES,Mexico,Men,45-49,Finisher,33K,Haramara,33,1550,2024
195,07:31:10,Aurora AYALA,Mexico,Women,20-34,Finisher,33K,Haramara,33,1550,2024
196,07:31:35,Mayra CARACHEO MÉNDEZ,Mexico,Women,50-54,Finisher,33K,Haramara,33,1550,2024
197,07:31:48,Laura Alicia NAVARRO MARTINEZ,Mexico,Women,20-34,Finisher,33K,Haramara,33,1550,2024
198,07:31:55,Grecia RANGEL ESPINOSA,Mexico,Women,20-34,Finisher,33K,Haramara,33,1550,2024
199,07:31:57,Alberto LOPEZ MACIAS,Mexico,Men,35-39,Finisher,33K,Haramara,33,1550,2024
200,07:32:09,Maria Jannay Berenice TORRES AVELAR,Mexico,Women,40-44,Finisher,33K,Haramara,33,1550,2024
201,07:34:17,Jose Alejandrino RAMIREZ PONCE,Mexico,Men,20-34,Finisher,33K,Haramara,33,1550,2024
202,07:34:20,Anonymous,Mexico,Men,20-34,Finisher,33K,Haramara,33,1550,2024
203,07:36:08,Yamanda KHIMA,Algeria,Women,35-39,Finisher,33K,Haramara,33,1550,2024
203,07:36:08,Hualberto AGUIRRE,Mexico,Men,35-39,Finisher,33K,Haramara,33,1550,2024
205,07:37:01,Mariana PAZ CASTELLANOS,Mexico,Women,40-44,Finisher,33K,Haramara,33,1550,2024
206,07:37:04,Blanca Adriana FERNANDEZ,Mexico,Women,60-64,Finisher,33K,Haramara,33,1550,2024
207,07:37:52,Miriam RIOS,Mexico,Women,45-49,Finisher,33K,Haramara,33,1550,2024
208,07:40:19,Ivan Lenin MORENO RODRÍGUEZ,Mexico,Men,45-49,Finisher,33K,Haramara,33,1550,2024
209,07:41:13,Nicole RINALDI,Canada,Women,45-49,Finisher,33K,Haramara,33,1550,2024
210,07:42:34,Anonymous,Colombia,Men,45-49,Finisher,33K,Haramara,33,1550,2024
211,07:42:48,Guillermo GRUNBERGER CASTILLEJOS,Mexico,Men,20-34,Finisher,33K,Haramara,33,1550,2024
212,07:43:57,Aron DEVAULD,Canada,Men,45-49,Finisher,33K,Haramara,33,1550,2024
213,07:44:02,Darío OJEDA,Mexico,Men,20-34,Finisher,33K,Haramara,33,1550,2024
213,07:44:02,Karen Ileana CANO ALVARADO,Mexico,Women,20-34,Finisher,33K,Haramara,33,1550,2024
215,07:45:47,José Alfredo IBARRA GUALO,Mexico,Men,60-64,Finisher,33K,Haramara,33,1550,2024
216,07:45:53,Karla Daniela SALAZAR REYES,Mexico,Women,20-34,Finisher,33K,Haramara,33,1550,2024
217,07:45:56,Ernesto Blas ARELLANO PERAZA,Mexico,Men,35-39,Finisher,33K,Haramara,33,1550,2024
218,07:47:29,Daniel ORTIZ,Mexico,Men,40-44,Finisher,33K,Haramara,33,1550,2024
219,07:48:23,Rodrigo ROBLES ENRIQUEZ,Mexico,Men,45-49,Finisher,33K,Haramara,33,1550,2024
220,07:48:42,Maria Yanga ALVAREZ SOLIS,Mexico,Women,40-44,Finisher,33K,Haramara,33,1550,2024
221,07:50:03,Santiago LÓPEZ,Mexico,Men,20-34,Finisher,33K,Haramara,33,1550,2024
222,07:51:57,Fernando VALERIO,Mexico,Men,45-49,Finisher,33K,Haramara,33,1550,2024
223,07:51:58,Luis PIÑON,Mexico,Men,35-39,Finisher,33K,Haramara,33,1550,2024
224,07:54:44,Ivonne CARRILLO,Mexico,Women,20-34,Finisher,33K,Haramara,33,1550,2024
225,07:54:59,Alfonso PRADO,Mexico,Men,20-34,Finisher,33K,Haramara,33,1550,2024
226,07:55:00,Karla Adriana CALDERON CABRERA,Mexico,Women,50-54,Finisher,33K,Haramara,33,1550,2024
227,07:55:14,Daniel FRENCH,Mexico,Men,20-34,Finisher,33K,Haramara,33,1550,2024
228,07:55:17,Kimberly Naim CASTRO MORENO,Mexico,Women,20-34,Finisher,33K,Haramara,33,1550,2024
229,07:57:19,Jairo Enrique GUERRERO RIVERA,Mexico,Men,20-34,Finisher,33K,Haramara,33,1550,2024
230,07:57:34,Leticia ALONZO,Mexico,Women,40-44,Finisher,33K,Haramara,33,1550,2024
231,07:57:44,Jose Antonio PEREZ CASTILLO,Mexico,Men,65-69,Finisher,33K,Haramara,33,1550,2024
232,08:00:52,Daniel MAGALLANES,United States of America,Men,50-54,Finisher,33K,Haramara,33,1550,2024
233,08:05:32,Lidia Macrina ESPINOSA MANCILLA,Mexico,Women,65-69,Finisher,33K,Haramara,33,1550,2024
234,08:06:28,Jared CAÑEDO,Mexico,Men,40-44,Finisher,33K,Haramara,33,1550,2024
235,08:08:17,Miguel Ángel MORENO ALBA,Mexico,Men,35-39,Finisher,33K,Haramara,33,1550,2024
236,08:09:09,Alfonso ALEXANDRE,Mexico,Men,40-44,Finisher,33K,Haramara,33,1550,2024
237,08:12:41,Andrés CASTANEDA,Mexico,Men,20-34,Finisher,33K,Haramara,33,1550,2024
238,08:14:50,David RICARDEZ,Mexico,Men,20-34,Finisher,33K,Haramara,33,1550,2024
238,08:14:50,Oscar BERNADAC,Mexico,Men,55-59,Finisher,33K,Haramara,33,1550,2024
240,08:37:43,Paula SALINAS LOPEZ,Mexico,Women,35-39,Finisher,33K,Haramara,33,1550,2024
240,08:37:43,Raúl FLORES LLANITO,Mexico,Men,40-44,Finisher,33K,Haramara,33,1550,2024
242,08:49:42,Carlos MENDOZA,Mexico,Men,60-64,Finisher,33K,Haramara,33,1550,2024
243,08:50:39,Maria Victoria ESTEVE DE MURGA,Mexico,Women,60-64,Finisher,33K,Haramara,33,1550,2024
244,08:52:35,Fernando FLORES AMADOR,Mexico,Men,50-54,Finisher,33K,Haramara,33,1550,2024
244,08:52:35,Fernando Efren FLORES RODRIGUEZ,Mexico,Men,20-34,Finisher,33K,Haramara,33,1550,2024
,00:00:00,Jorge Luis JIMENEZ ORTIZ,Mexico,Men,40-44,DNF,33K,Haramara,33,1550,2024
,00:00:00,Essaú LÓPEZ VIRGEN,Mexico,Men,40-44,DNF,33K,Haramara,33,1550,2024
,00:00:00,Denisse Sofía LARA MONTES,Mexico,Women,40-44,DNF,33K,Haramara,33,1550,2024
,00:00:00,Adrian VILLARREAL TAPIA,Mexico,Men,40-44,DNF,33K,Haramara,33,1550,2024
,00:00:00,Rodrigo ALDAPE GARCIA,Mexico,Men,55-59,DNF,33K,Haramara,33,1550,2024
,00:00:00,Leticia Del Rosario PERAZA GONZALEZ,Mexico,Women,50-54,DNF,33K,Haramara,33,1550,2024
,00:00:00,Francisco Raul RUIZ FLORES,Mexico,Men,65-69,DNF,33K,Haramara,33,1550,2024
,00:00:00,Oscar URBINA,Mexico,Men,35-39,DNF,33K,Haramara,33,1550,2024
,00:00:00,Ricardo HITA,Mexico,Men,35-39,DNF,33K,Haramara,33,1550,2024
,00:00:00,William LUTRELL,United States of America,Men,65-69,DNF,33K,Haramara,33,1550,2024
,00:00:00,David COLLEY,Canada,Men,75-79,DNF,33K,Haramara,33,1550,2024
,00:00:00,Juan Daniel JIMENEZ ORTIZ,Mexico,Men,20-34,DNF,33K,Haramara,33,1550,2024
,00:00:00,Giovanni Andre ARAUJO OSTERBERGER,Mexico,Men,20-34,DNF,33K,Haramara,33,1550,2024
,00:00:00,Jesus Israel GUTIERREZ SANCHEZ,Mexico,Men,40-44,DNF,33K,Haramara,33,1550,2024
,00:00:00,Alejandra Vianey CLAVIJO RODRIGUEZ,Mexico,Women,35-39,DNF,33K,Haramara,33,1550,2024
,00:00:00,Eduardo MOJARDIN,Mexico,Men,35-39,DNF,33K,Haramara,33,1550,2024
,00:00:00,Pablo PAYÁN FLORES,Mexico,Men,20-34,DNF,33K,Haramara,33,1550,2024
,00:00:00,Juan Carlos MADRIGAL DIAZ,Mexico,Men,55-59,DNF,33K,Haramara,33,1550,2024
,00:00:00,Bryand ANORVE,Mexico,Men,20-34,DNF,33K,Haramara,33,1550,2024
,00:00:00,Cedric DUBOIS,Canada,Men,45-49,DNF,33K,Haramara,33,1550,2024
,00:00:00,María POBLETE,Mexico,Women,20-34,DNF,33K,Haramara,33,1550,2024
,00:00:00,Verónica AGUILAR URENDA,Mexico,Women,50-54,DNF,33K,Haramara,33,1550,2024
,00:00:00,Jose Rafael LOPEZ RIVERA,Mexico,Men,50-54,DNF,33K,Haramara,33,1550,2024
,00:00:00,Daniela RODRIGUEZ TORRES,Mexico,Women,45-49,DNF,33K,Haramara,33,1550,2024
,00:00:00,Ivan CAMACHO DIAZ,Mexico,Men,40-44,DNF,33K,Haramara,33,1550,2024
,00:00:00,Francisco Javier TORRES CASILLAS,Mexico,Men,20-34,DNF,33K,Haramara,33,1550,2024
,00:00:00,Fabricio CAZARES,Mexico,Men,45-49,DNF,33K,Haramara,33,1550,2024
,00:00:00,Gerardo ANCENO,Mexico,Men,60-64,DNF,33K,Haramara,33,1550,2024
,00:00:00,Jeff ROSAS,Mexico,Men,20-34,DNF,33K,Haramara,33,1550,2024
1,01:39:58,José Antonio CHAVEZ CEJA,Mexico,Men,35-39,Finisher,20K,Ereno,20,1000,2024
2,01:40:16,Jose OCHOA,Mexico,Men,20-34,Finisher,20K,Ereno,20,1000,2024
3,01:40:47,Hugo Adrian CASTILLO ESTRADA,Mexico,Men,35-39,Finisher,20K,Ereno,20,1000,2024
4,01:40:48,Ashley BRASOVAN,United States of America,Women,20-34,Finisher,20K,Ereno,20,1000,2024
5,01:42:42,Anonymous,Mexico,Men,20-34,Finisher,20K,Ereno,20,1000,2024
6,01:43:05,María Magdalena BARBA LAZARO,Mexico,Women,35-39,Finisher,20K,Ereno,20,1000,2024
7,01:43:37,Ricardo MEJIA HERNANDEZ,Mexico,Men,60-64,Finisher,20K,Ereno,20,1000,2024
8,01:50:20,Kristian ANDRES,Canada,Men,35-39,Finisher,20K,Ereno,20,1000,2024
9,02:02:56,José Antonio DE PABLO,Spain,Men,50-54,Finisher,20K,Ereno,20,1000,2024
9,02:02:56,Roberto VILLAFAÑA RODRÍGUEZ,Mexico,Men,20-34,Finisher,20K,Ereno,20,1000,2024
11,02:05:40,Octavio GARCIA MARTINEZ,Mexico,Men,20-34,Finisher,20K,Ereno,20,1000,2024
12,02:07:35,Andrew KARGOL,United States of America,Men,20-34,Finisher,20K,Ereno,20,1000,2024
13,02:07:53,Giezi CRUZ GONZALEZ,Mexico,Women,20-34,Finisher,20K,Ereno,20,1000,2024
14,02:09:36,Greta UNGER,United States of America,Women,20-34,Finisher,20K,Ereno,20,1000,2024
15,02:11:18,Christopher MONTES,Mexico,Men,35-39,Finisher,20K,Ereno,20,1000,2024
16,02:13:24,Oscar Ramon LOPEZ DIAZ,Mexico,Men,40-44,Finisher,20K,Ereno,20,1000,2024
17,02:14:18,Petter HOLLTROE,Norway,Men,20-34,Finisher,20K,Ereno,20,1000,2024
18,02:14:36,Angel David HERNANDEZ CERVANTES,Mexico,Men,50-54,Finisher,20K,Ereno,20,1000,2024
19,02:15:45,Bruno MURILLO,Mexico,Men,20-34,Finisher,20K,Ereno,20,1000,2024
20,02:15:53,Miranda CASTILLO FERNANDEZ,Mexico,Women,20-34,Finisher,20K,Ereno,20,1000,2024
21,02:15:56,Mariam Guadalupe CABRERA,Mexico,Women,45-49,Finisher,20K,Ereno,20,1000,2024
22,02:16:20,Saul Martin AVILA MARTINEZ,Mexico,Men,50-54,Finisher,20K,Ereno,20,1000,2024
23,02:16:37,Cesar Alberto MENDEZ BARAJAS,Mexico,Men,20-34,Finisher,20K,Ereno,20,1000,2024
24,02:19:48,Maria Nataly MARTINEZ FLORES,Mexico,Women,20-34,Finisher,20K,Ereno,20,1000,2024
25,02:20:04,Marisol GONZALEZ,Mexico,Women,20-34,Finisher,20K,Ereno,20,1000,2024
26,02:20:27,Carmen PALACIOS,Mexico,Women,35-39,Finisher,20K,Ereno,20,1000,2024
27,02:22:02,Adrien ALAGILLE,France,Men,35-39,Finisher,20K,Ereno,20,1000,2024
28,02:23:28,Ricardo MENDOZA OLIVER,Mexico,Men,20-34,Finisher,20K,Ereno,20,1000,2024
29,02:23:31,Edgar Eduardo CARO PANUCO,Mexico,Men,20-34,Finisher,20K,Ereno,20,1000,2024
30,02:24:00,Jesus MARCELO GARCIA,Mexico,Men,20-34,Finisher,20K,Ereno,20,1000,2024
31,02:25:32,Todd LYTLE,United States of America,Men,55-59,Finisher,20K,Ereno,20,1000,2024
32,02:25:35,Juan Manuel BARBA GONZALEZ,Mexico,Men,20-34,Finisher,20K,Ereno,20,1000,2024
33,02:26:02,Diego TORRES PENA,Mexico,Men,20-34,Finisher,20K,Ereno,20,1000,2024
34,02:26:17,Steffany OROZCO MURGA,Mexico,Women,35-39,Finisher,20K,Ereno,20,1000,2024
35,02:26:45,Alejandro ESPARZA OLMOS,Mexico,Men,20-34,Finisher,20K,Ereno,20,1000,2024
36,02:27:25,Cuitlahuac RODRIGUEZ GARAY,Mexico,Men,40-44,Finisher,20K,Ereno,20,1000,2024
37,02:27:44,Fernando SUAREZ,Mexico,Men,35-39,Finisher,20K,Ereno,20,1000,2024
38,02:27:50,Brian AHERN,United States of America,Men,50-54,Finisher,20K,Ereno,20,1000,2024
39,02:29:05,Itzel CENTENO,Mexico,Women,20-34,Finisher,20K,Ereno,20,1000,2024
40,02:29:20,Santiago RUIZ,Mexico,Men,20-34,Finisher,20K,Ereno,20,1000,2024
41,02:29:21,Aurelio DE LA TEJERA,Mexico,Men,20-34,Finisher,20K,Ereno,20,1000,2024
42,02:29:29,Carlos Arturo CISNEROS DIAZ DE LEÓN,Mexico,Men,45-49,Finisher,20K,Ereno,20,1000,2024
43,02:29:32,Ana SUAREZ,Mexico,Women,20-34,Finisher,20K,Ereno,20,1000,2024
44,02:30:48,Jose Javier CERINO RAMIREZ,Mexico,Men,35-39,Finisher,20K,Ereno,20,1000,2024
45,02:31:33,Mariana GONZALEZ,Mexico,Women,U20,Finisher,20K,Ereno,20,1000,2024
46,02:32:35,Carlo Alberto ARECHIGA HERNANDEZ,Mexico,Men,45-49,Finisher,20K,Ereno,20,1000,2024
47,02:33:03,Daniel VALENCIA TORRES,Mexico,Men,40-44,Finisher,20K,Ereno,20,1000,2024
48,02:33:22,Roxana CISNEROS,Mexico,Women,40-44,Finisher,20K,Ereno,20,1000,2024
49,02:33:46,Gabriel OCHOA RAMOS,Mexico,Men,20-34,Finisher,20K,Ereno,20,1000,2024
50,02:34:03,Juan José POLINA,Mexico,Men,35-39,Finisher,20K,Ereno,20,1000,2024
51,02:34:14,Jose Juan ESCAMILLA SALINAS,Mexico,Men,55-59,Finisher,20K,Ereno,20,1000,2024
52,02:34:54,Jacinto RESENDIZ MARQUEZ,Mexico,Men,50-54,Finisher,20K,Ereno,20,1000,2024
53,02:35:45,Fabien VALADE,France,Men,20-34,Finisher,20K,Ereno,20,1000,2024
54,02:35:49,Jaime NIETO,Mexico,Men,35-39,Finisher,20K,Ereno,20,1000,2024
55,02:35:58,Nicolás MARIONA GONZÁLEZ,Mexico,Men,U18,Finisher,20K,Ereno,20,1000,2024
56,02:36:00,Oscar Javier ORTIZ DOMINGUEZ,Mexico,Men,20-34,Finisher,20K,Ereno,20,1000,2024
57,02:36:32,Denise NELSON,Canada,Women,50-54,Finisher,20K,Ereno,20,1000,2024
58,02:37:14,Luis Daniel BUCIO MAGDALENO,Mexico,Men,U20,Finisher,20K,Ereno,20,1000,2024
59,02:37:25,Bertha Estela SANCHEZ PALACIOS,Mexico,Women,65-69,Finisher,20K,Ereno,20,1000,2024
60,02:37:27,Rolu MARTINEZ,Mexico,Men,35-39,Finisher,20K,Ereno,20,1000,2024
61,02:38:22,Anonymous,Mexico,Men,U20,Finisher,20K,Ereno,20,1000,2024
62,02:38:29,George LEWIS,United Kingdom,Men,45-49,Finisher,20K,Ereno,20,1000,2024
63,02:39:00,Gerardo Javier BARAJAS GONZALEZ,Mexico,Men,65-69,Finisher,20K,Ereno,20,1000,2024
64,02:39:08,Sofia Leticia CERVANTES MONROY,Mexico,Women,55-59,Finisher,20K,Ereno,20,1000,2024
65,02:40:23,Omahar Hector VELA AREVALO,Mexico,Men,50-54,Finisher,20K,Ereno,20,1000,2024
66,02:40:26,José Luis FONSECA,Mexico,Men,35-39,Finisher,20K,Ereno,20,1000,2024
67,02:40:38,Eduardo A FELIX A,Ecuador,Men,45-49,Finisher,20K,Ereno,20,1000,2024
68,02:40:40,Trey LANHAM,United States of America,Men,20-34,Finisher,20K,Ereno,20,1000,2024
69,02:40:42,María Gabriela CHAVES RODRÍGUEZ,Costa Rica,Women,20-34,Finisher,20K,Ereno,20,1000,2024
70,02:40:49,German DE LUNA,Mexico,Men,20-34,Finisher,20K,Ereno,20,1000,2024
70,02:40:49,Sergio RODRÍGUEZ,Mexico,Men,20-34,Finisher,20K,Ereno,20,1000,2024
72,02:41:07,Edgar MORENO GONZALEZ,Mexico,Men,45-49,Finisher,20K,Ereno,20,1000,2024
73,02:41:08,Efrén FLORES,Mexico,Men,50-54,Finisher,20K,Ereno,20,1000,2024
74,02:41:47,Erick CHAVEZ,Mexico,Men,20-34,Finisher,20K,Ereno,20,1000,2024
74,02:41:47,Victoria DE LOS RIOS VALLADARES,Mexico,Women,U18,Finisher,20K,Ereno,20,1000,2024
76,02:41:51,Mónica Guadalupe SANCHEZ CRUZ,Mexico,Women,40-44,Finisher,20K,Ereno,20,1000,2024
77,02:42:07,Luz Elisa LEON LOPEZ,Mexico,Women,50-54,Finisher,20K,Ereno,20,1000,2024
78,02:42:26,Abraham Israel GONZALEZ URIBE,Mexico,Men,40-44,Finisher,20K,Ereno,20,1000,2024
79,02:43:23,Emmanuel SALGUERO,Mexico,Men,35-39,Finisher,20K,Ereno,20,1000,2024
80,02:43:28,Ana Sofia ARCE,Mexico,Women,20-34,Finisher,20K,Ereno,20,1000,2024
81,02:43:49,Karina CRUZ,Mexico,Women,35-39,Finisher,20K,Ereno,20,1000,2024
82,02:43:52,Adrian Salvador GARCIA TORRES,Mexico,Men,20-34,Finisher,20K,Ereno,20,1000,2024
83,02:43:57,Alejandro RUIZ,Mexico,Men,20-34,Finisher,20K,Ereno,20,1000,2024
84,02:44:10,Margarita QUICENO,Colombia,Women,35-39,Finisher,20K,Ereno,20,1000,2024
85,02:44:13,Jacob GERHARDT,United States of America,Men,20-34,Finisher,20K,Ereno,20,1000,2024
86,02:44:50,Trevor BROUELETTE,United States of America,Men,20-34,Finisher,20K,Ereno,20,1000,2024
87,02:44:56,Conrado MAGAÑA,Mexico,Men,45-49,Finisher,20K,Ereno,20,1000,2024
88,02:45:27,Marwan Alexander SAAB JUSTO,Venezuela,Men,35-39,Finisher,20K,Ereno,20,1000,2024
89,02:45:50,Sean VERMILLION,United States of America,Men,35-39,Finisher,20K,Ereno,20,1000,2024
90,02:45:58,Ramón De Jesús GARCÍA MEDINA,Mexico,Men,20-34,Finisher,20K,Ereno,20,1000,2024
91,02:46:00,Chris PANNEK,United States of America,Men,40-44,Finisher,20K,Ereno,20,1000,2024
92,02:46:07,Damaris ORTIZ,El Salvador,Women,45-49,Finisher,20K,Ereno,20,1000,2024
93,02:46:21,David GONZALEZ,Mexico,Men,20-34,Finisher,20K,Ereno,20,1000,2024
94,02:46:36,Adolfo LEON,Mexico,Men,20-34,Finisher,20K,Ereno,20,1000,2024
95,02:46:41,Antonio Benjamin ALCANTAR RAMIREZ,Mexico,Men,40-44,Finisher,20K,Ereno,20,1000,2024
96,02:47:57,Mauricio MARTIN DEL CAMPO GUILLEN,Mexico,Men,20-34,Finisher,20K,Ereno,20,1000,2024
97,02:47:59,Charley SMITH,United Kingdom,Men,40-44,Finisher,20K,Ereno,20,1000,2024
98,02:48:26,Luis Daniel HERNANDEZ GÓMEZ,Mexico,Men,20-34,Finisher,20K,Ereno,20,1000,2024
99,02:48:54,Julio César ESPARZA LÓPEZ,Mexico,Men,35-39,Finisher,20K,Ereno,20,1000,2024
100,02:49:05,Mario MENDOZA,Mexico,Men,20-34,Finisher,20K,Ereno,20,1000,2024
101,02:49:13,Monica VILLARRUEL,Mexico,Women,20-34,Finisher,20K,Ereno,20,1000,2024
102,02:49:20,Victor MORA,Costa Rica,Men,20-34,Finisher,20K,Ereno,20,1000,2024
103,02:50:01,Yoselyn PALMER,Mexico,Women,20-34,Finisher,20K,Ereno,20,1000,2024
104,02:50:09,Javier MORALES SALAZAR,Mexico,Men,50-54,Finisher,20K,Ereno,20,1000,2024
105,02:50:14,Bautista José DIEZ,Argentina,Men,20-34,Finisher,20K,Ereno,20,1000,2024
106,02:51:17,Clementina RIOS MEDRANO,Mexico,Women,35-39,Finisher,20K,Ereno,20,1000,2024
107,02:51:25,Francisco CHACON,Mexico,Men,40-44,Finisher,20K,Ereno,20,1000,2024
108,02:52:12,Fernanda CABRERA,Mexico,Women,20-34,Finisher,20K,Ereno,20,1000,2024
109,02:52:13,Theyadira FLORES SANCHEZ,Mexico,Women,45-49,Finisher,20K,Ereno,20,1000,2024
110,02:52:31,Daniela CHÁVEZ,Mexico,Women,20-34,Finisher,20K,Ereno,20,1000,2024
111,02:52:42,Mark DUCEY,Canada,Men,40-44,Finisher,20K,Ereno,20,1000,2024
112,02:52:56,Jose Luis ORTEGA CASTRO,Mexico,Men,U18,Finisher,20K,Ereno,20,1000,2024
113,02:53:02,Carlos RAMOS,Mexico,Men,20-34,Finisher,20K,Ereno,20,1000,2024
114,02:53:17,Minerva MAS MENDOZA,Mexico,Women,40-44,Finisher,20K,Ereno,20,1000,2024
115,02:53:31,Francisca GOMEZ MALDONADO,Mexico,Women,55-59,Finisher,20K,Ereno,20,1000,2024
116,02:53:44,Miriam Esmeralda GUERRERO RIVERA,Mexico,Women,35-39,Finisher,20K,Ereno,20,1000,2024
117,02:53:47,Daniel AVINA RAMIREZ,Mexico,Men,20-34,Finisher,20K,Ereno,20,1000,2024
118,02:53:51,Andrea LARA ANAYA,Mexico,Women,20-34,Finisher,20K,Ereno,20,1000,2024
119,02:54:17,Jonathan VILLA,Mexico,Men,35-39,Finisher,20K,Ereno,20,1000,2024
120,02:55:09,Miguel LÓPEZ,Mexico,Men,20-34,Finisher,20K,Ereno,20,1000,2024
121,02:56:16,Adriana RUIZ DE ANDA,Mexico,Women,40-44,Finisher,20K,Ereno,20,1000,2024
122,02:57:21,Anonymous,Mexico,Women,35-39,Finisher,20K,Ereno,20,1000,2024
123,02:57:35,Maria ACEVES,Mexico,Women,20-34,Finisher,20K,Ereno,20,1000,2024
124,02:57:38,Donaji RUIZ,Mexico,Women,45-49,Finisher,20K,Ereno,20,1000,2024
125,02:57:44,Santiago GALVAN-VERA,Mexico,Men,45-49,Finisher,20K,Ereno,20,1000,2024
126,02:58:13,Alejandro MANCILLA DURAN,Mexico,Men,55-59,Finisher,20K,Ereno,20,1000,2024
127,02:59:07,Robert BLANCHETTE,United States of America,Men,35-39,Finisher,20K,Ereno,20,1000,2024
128,02:59:26,Adriana NOVOA,Mexico,Women,40-44,Finisher,20K,Ereno,20,1000,2024
129,02:59:36,Aaron Uriel CASTAÑEDA BAUTISTA,Mexico,Men,20-34,Finisher,20K,Ereno,20,1000,2024
130,02:59:39,Marc SIMARD,Canada,Men,50-54,Finisher,20K,Ereno,20,1000,2024
131,02:59:44,Mauricio FRAUSTO,Mexico,Men,35-39,Finisher,20K,Ereno,20,1000,2024
132,03:00:43,Ruben ALVARADO,Mexico,Men,60-64,Finisher,20K,Ereno,20,1000,2024
133,03:00:48,Andres BARAJAS,Mexico,Men,20-34,Finisher,20K,Ereno,20,1000,2024
134,03:01:49,Georgina Elizabeth CRUZ ROJAS,Mexico,Women,45-49,Finisher,20K,Ereno,20,1000,2024
135,03:02:19,Lizbeth Yesenia SANCHEZ ELIZALDE,Mexico,Women,35-39,Finisher,20K,Ereno,20,1000,2024
136,03:02:33,Alejandra GUEVARA,Mexico,Women,45-49,Finisher,20K,Ereno,20,1000,2024
137,03:02:38,Cintia Anastasia PAEZ RUIZ,Mexico,Women,40-44,Finisher,20K,Ereno,20,1000,2024
137,03:02:38,Sean UNGER,United States of America,Men,20-34,Finisher,20K,Ereno,20,1000,2024
139,03:03:14,Nancy Maricarmen PALOMINO LOZANO,Mexico,Women,20-34,Finisher,20K,Ereno,20,1000,2024
140,03:03:25,Ricardo David ÁLVAREZ GARCIA (Ricardo David ALVAREZ GARCIA),Mexico,Men,20-34,Finisher,20K,Ereno,20,1000,2024
141,03:04:01,Raul Alfonso SANCHEZ CAYO,Mexico,Men,20-34,Finisher,20K,Ereno,20,1000,2024
142,03:04:04,Jose GARCIA RENDON,Mexico,Men,55-59,Finisher,20K,Ereno,20,1000,2024
143,03:05:02,Angélica Hanay PELAYO CARRILLO,Mexico,Women,35-39,Finisher,20K,Ereno,20,1000,2024
144,03:05:06,Jose Manuel CERINO CASTRO,Mexico,Men,55-59,Finisher,20K,Ereno,20,1000,2024
145,03:05:49,Irving Johany JIMÉNEZ TORRES,Mexico,Men,U20,Finisher,20K,Ereno,20,1000,2024
146,03:06:14,Tania HUERTA,Mexico,Women,35-39,Finisher,20K,Ereno,20,1000,2024
147,03:08:28,Elizabeth MORENO,Costa Rica,Women,35-39,Finisher,20K,Ereno,20,1000,2024
148,03:09:02,Álvaro MARQUEZ (Alvaro MARQUEZ),Mexico,Men,40-44,Finisher,20K,Ereno,20,1000,2024
149,03:09:09,Dace DIMANTE,Latvia,Women,35-39,Finisher,20K,Ereno,20,1000,2024
150,03:09:11,Manish MISTRY,United States of America,Men,40-44,Finisher,20K,Ereno,20,1000,2024
151,03:09:29,Stephen PARKER,United States of America,Men,50-54,Finisher,20K,Ereno,20,1000,2024
152,03:10:09,Marco Antonio ROCHA MORENO,Mexico,Men,20-34,Finisher,20K,Ereno,20,1000,2024
153,03:10:36,Cynthia FLORES,Mexico,Women,40-44,Finisher,20K,Ereno,20,1000,2024
154,03:10:38,Antonio PLASCENCIA,Mexico,Men,50-54,Finisher,20K,Ereno,20,1000,2024
155,03:11:03,Maria Fernanda YAÑEZ AGUILUZ,Mexico,Women,20-34,Finisher,20K,Ereno,20,1000,2024
156,03:11:15,Erick GARCIA EUYOQUE,Mexico,Men,U18,Finisher,20K,Ereno,20,1000,2024
157,03:11:47,Carlos HERRERA,Mexico,Men,20-34,Finisher,20K,Ereno,20,1000,2024
158,03:12:11,Flor Nelly GUTIERREZ VILLA,Mexico,Women,45-49,Finisher,20K,Ereno,20,1000,2024
159,03:12:53,Antonio ARTURO,Mexico,Men,20-34,Finisher,20K,Ereno,20,1000,2024
160,03:13:22,Richard ANGULO,Mexico,Men,40-44,Finisher,20K,Ereno,20,1000,2024
161,03:13:28,Sergio ESTRADA,Mexico,Men,20-34,Finisher,20K,Ereno,20,1000,2024
162,03:13:34,Amber TURNER,United Kingdom,Women,20-34,Finisher,20K,Ereno,20,1000,2024
163,03:13:35,Sofía Del Carmen GONZÁLEZ MORA,Mexico,Women,20-34,Finisher,20K,Ereno,20,1000,2024
164,03:14:26,Mario SANABRIA,Mexico,Men,40-44,Finisher,20K,Ereno,20,1000,2024
165,03:14:57,Alicia SANTOYO,Mexico,Women,60-64,Finisher,20K,Ereno,20,1000,2024
166,03:14:58,Octavio GONZALEZ,Mexico,Men,55-59,Finisher,20K,Ereno,20,1000,2024
167,03:15:15,Maria ESCALZA,Spain,Women,20-34,Finisher,20K,Ereno,20,1000,2024
168,03:15:16,Maria Jose CHAVEZ RIOS,Mexico,Women,40-44,Finisher,20K,Ereno,20,1000,2024
168,03:15:16,Berenice DELGADO,Mexico,Women,35-39,Finisher,20K,Ereno,20,1000,2024
170,03:15:17,Sergio ESQUIVEL ARREDONDO,Mexico,Men,40-44,Finisher,20K,Ereno,20,1000,2024
171,03:15:45,Esteban ARMINIO,Mexico,Men,U18,Finisher,20K,Ereno,20,1000,2024
172,03:15:53,Luis Fernando GARCIA GUZMAN,Mexico,Men,20-34,Finisher,20K,Ereno,20,1000,2024
173,03:15:54,Karla STACK,Mexico,Women,45-49,Finisher,20K,Ereno,20,1000,2024
174,03:16:12,Luz Andrea VALENZUELA ROSILLO,Mexico,Women,35-39,Finisher,20K,Ereno,20,1000,2024
175,03:16:17,Jessica MARTINEZ,Mexico,Women,20-34,Finisher,20K,Ereno,20,1000,2024
176,03:17:24,Sandra Fabiola MAGAÑA JIMENEZ,Mexico,Women,40-44,Finisher,20K,Ereno,20,1000,2024
177,03:17:53,Maria M URIBE,Mexico,Women,55-59,Finisher,20K,Ereno,20,1000,2024
178,03:17:55,Andrea Monserrat VELAZQUEZ TAFOLLA,Mexico,Women,20-34,Finisher,20K,Ereno,20,1000,2024
179,03:18:11,Eva MIRALLES MIRO,Spain,Women,20-34,Finisher,20K,Ereno,20,1000,2024
180,03:18:42,Ana Jenesse ESPARZA JAIME,Mexico,Women,20-34,Finisher,20K,Ereno,20,1000,2024
181,03:18:43,Soledad ALONSO DIAZ DEL RIO,Spain,Women,20-34,Finisher,20K,Ereno,20,1000,2024
182,03:18:50,Estefania Miroslava ESQUIVEL VELAZQUEZ,Mexico,Women,20-34,Finisher,20K,Ereno,20,1000,2024
184,03:19:05,Tania Angelica NUÑEZ PEREZ,Mexico,Women,20-34,Finisher,20K,Ereno,20,1000,2024
185,03:19:20,Luz JASSO,Mexico,Women,35-39,Finisher,20K,Ereno,20,1000,2024
186,03:19:27,Israel GONZALEZ,Mexico,Men,40-44,Finisher,20K,Ereno,20,1000,2024
187,03:19:34,Germán FORTUÑO,Spain,Men,35-39,Finisher,20K,Ereno,20,1000,2024
188,03:19:44,Samantha NAVA,Mexico,Women,20-34,Finisher,20K,Ereno,20,1000,2024
189,03:20:48,Anahi Concepcion SANCHEZ HERNANDEZ,Mexico,Women,35-39,Finisher,20K,Ereno,20,1000,2024
190,03:20:49,Joaquin CANUL,Mexico,Men,35-39,Finisher,20K,Ereno,20,1000,2024
190,03:20:49,Jesús Enrique LEYTE SANABRIA,Mexico,Men,50-54,Finisher,20K,Ereno,20,1000,2024
192,03:21:02,Edwin GARCIA,Mexico,Men,40-44,Finisher,20K,Ereno,20,1000,2024
193,03:21:05,Delia Itziar BELAUSTEGUIGOITIA,Mexico,Women,20-34,Finisher,20K,Ereno,20,1000,2024
194,03:21:37,Katherine PRADO MARIN,Costa Rica,Women,20-34,Finisher,20K,Ereno,20,1000,2024
195,03:21:43,Gilberth MONTERO,Costa Rica,Men,35-39,Finisher,20K,Ereno,20,1000,2024
196,03:22:07,Sergio Jesus CARBAJAL LOPEZ,Mexico,Men,20-34,Finisher,20K,Ereno,20,1000,2024
197,03:22:25,Val ST-ARNAUD,Canada,Women,35-39,Finisher,20K,Ereno,20,1000,2024
198,03:23:14,Zaira Janette DE LA CRUZ NAVARRO,Mexico,Women,20-34,Finisher,20K,Ereno,20,1000,2024
199,03:23:39,Dulce Maria AGUIRRE MORENO,Mexico,Women,35-39,Finisher,20K,Ereno,20,1000,2024
200,03:23:48,Enrique DE LEON QUINTANA,Mexico,Men,60-64,Finisher,20K,Ereno,20,1000,2024
201,03:23:56,Veronica ULLOA AGUILAR,Mexico,Women,50-54,Finisher,20K,Ereno,20,1000,2024
202,03:24:05,Mirelle Pamela PALMAS,Mexico,Women,20-34,Finisher,20K,Ereno,20,1000,2024
203,03:24:25,Rogelio CORTES,Mexico,Men,45-49,Finisher,20K,Ereno,20,1000,2024
204,03:24:32,Andrea CASTILLO MENESES,Mexico,Women,45-49,Finisher,20K,Ereno,20,1000,2024
205,03:24:55,Roberto Ivan REZA MORENO,Mexico,Men,40-44,Finisher,20K,Ereno,20,1000,2024
206,03:25:24,Edna Donaji BALTAZAR CANDELARIO,Mexico,Women,40-44,Finisher,20K,Ereno,20,1000,2024
207,03:25:25,Rodrigo Ignacio RODRIGUEZ,Mexico,Men,20-34,Finisher,20K,Ereno,20,1000,2024
208,03:25:49,Mariana ARENAS,Mexico,Women,20-34,Finisher,20K,Ereno,20,1000,2024
209,03:26:44,Sua BAUTISTA PACHECO,Mexico,Women,45-49,Finisher,20K,Ereno,20,1000,2024
210,03:27:17,Karla Jhoana RAMIREZ RODRIGUEZ,Mexico,Women,20-34,Finisher,20K,Ereno,20,1000,2024
211,03:27:38,Martin CASTAÑEDA SILVA,Mexico,Men,40-44,Finisher,20K,Ereno,20,1000,2024
212,03:27:41,Luis Rafael MENDEZ DE LA TORRE,Mexico,Men,40-44,Finisher,20K,Ereno,20,1000,2024
213,03:27:55,Alejandra RAMOS HERNANDEZ,Mexico,Women,35-39,Finisher,20K,Ereno,20,1000,2024
214,03:27:56,Cesar AMORA MORA,Mexico,Men,40-44,Finisher,20K,Ereno,20,1000,2024
215,03:27:58,Jarren HUGHES,United States of America,Men,20-34,Finisher,20K,Ereno,20,1000,2024
216,03:28:00,Jorge GONZALEZ,Mexico,Men,45-49,Finisher,20K,Ereno,20,1000,2024
217,03:28:02,Deb WILDING,United States of America,Women,70-74,Finisher,20K,Ereno,20,1000,2024
218,03:28:03,Edwin ROMAN,Mexico,Men,20-34,Finisher,20K,Ereno,20,1000,2024
219,03:28:04,Jose De Jesus SANDOVAL GARCIA,Mexico,Men,40-44,Finisher,20K,Ereno,20,1000,2024
220,03:28:21,Israel GONZALEZ,Mexico,Men,40-44,Finisher,20K,Ereno,20,1000,2024
221,03:28:41,Enrique Luciano MENDOZA RUVALCABA,Mexico,Men,U20,Finisher,20K,Ereno,20,1000,2024
222,03:28:51,Juan Pablo GUILLOT OCAMPO,Mexico,Men,40-44,Finisher,20K,Ereno,20,1000,2024
223,03:28:55,Diego PÉREZ CABRERA,Mexico,Men,U20,Finisher,20K,Ereno,20,1000,2024
224,03:29:04,Myriam CONTRERAS AGUILAR,Mexico,Women,50-54,Finisher,20K,Ereno,20,1000,2024
225,03:29:19,Eugenia CABRERA,Mexico,Women,U18,Finisher,20K,Ereno,20,1000,2024
226,03:29:26,Veronica SANCHEZ VERA,Mexico,Women,45-49,Finisher,20K,Ereno,20,1000,2024
227,03:29:48,Jose Manuel AGUIRRE VALDES,Mexico,Men,60-64,Finisher,20K,Ereno,20,1000,2024
228,03:30:10,Dulce Maria AGUILERA REYES,Mexico,Women,20-34,Finisher,20K,Ereno,20,1000,2024
229,03:30:36,Adelina HERRERA,Mexico,Women,65-69,Finisher,20K,Ereno,20,1000,2024
230,03:31:13,Marie PONS,France,Women,45-49,Finisher,20K,Ereno,20,1000,2024
231,03:31:37,Laura Ximena CESPEDES CAMACHO,Colombia,Women,35-39,Finisher,20K,Ereno,20,1000,2024
232,03:32:17,Jocelyn Nayely HERNANDEZ MARTINEZ,Mexico,Women,20-34,Finisher,20K,Ereno,20,1000,2024
233,03:32:25,Rafael MIER DOMINGUEZ,Mexico,Men,40-44,Finisher,20K,Ereno,20,1000,2024
234,03:32:40,Juan Gilberto MONCIVAIS SAUCEDO,Mexico,Men,40-44,Finisher,20K,Ereno,20,1000,2024
235,03:32:51,Claudia Gisselle HERNANDEZ NAMBO,Mexico,Women,40-44,Finisher,20K,Ereno,20,1000,2024
236,03:32:57,Jair HERRERA,Mexico,Men,35-39,Finisher,20K,Ereno,20,1000,2024
237,03:33:05,Monserrat YANEZ,Mexico,Women,35-39,Finisher,20K,Ereno,20,1000,2024
238,03:33:38,Ruy Abraham UBANDO PRUNEDA,Mexico,Men,35-39,Finisher,20K,Ereno,20,1000,2024
239,03:33:39,Enrique JIMENEZ SERVIN,Mexico,Men,60-64,Finisher,20K,Ereno,20,1000,2024
240,03:34:12,Koko SADAMOTO,Japan,Women,20-34,Finisher,20K,Ereno,20,1000,2024
240,03:34:12,Koji SADAMOTO,Japan,Men,35-39,Finisher,20K,Ereno,20,1000,2024
242,03:34:29,David TECUATL,Mexico,Men,20-34,Finisher,20K,Ereno,20,1000,2024
243,03:34:48,Jose VAZQUEZ BAYOD,Mexico,Men,70-74,Finisher,20K,Ereno,20,1000,2024
244,03:35:02,Andrea ACEVES AGUILA,Mexico,Women,20-34,Finisher,20K,Ereno,20,1000,2024
244,03:35:02,Maria AGUILA AGUIRRE,Mexico,Women,60-64,Finisher,20K,Ereno,20,1000,2024
246,03:35:20,Bret GRIFFIN,United States of America,Men,60-64,Finisher,20K,Ereno,20,1000,2024
247,03:35:40,Gonzalo Alejandro MACIAS HARO,Mexico,Men,20-34,Finisher,20K,Ereno,20,1000,2024
248,03:35:52,Mary CONDRON,United States of America,Women,40-44,Finisher,20K,Ereno,20,1000,2024
249,03:35:59,Ana Karla OLIVEROS BOTELLO,Mexico,Women,20-34,Finisher,20K,Ereno,20,1000,2024
250,03:36:18,Edith ORTEGA,Mexico,Women,55-59,Finisher,20K,Ereno,20,1000,2024
251,03:36:30,Jose Gpe HERNANDEZ SANTAMARIA,Mexico,Men,45-49,Finisher,20K,Ereno,20,1000,2024
252,03:36:34,Sammy MIRELES,Mexico,Men,40-44,Finisher,20K,Ereno,20,1000,2024
253,03:36:44,Angelina De Jesus FLORES AYALA,Mexico,Women,20-34,Finisher,20K,Ereno,20,1000,2024
254,03:36:56,Luis Gabriel JIMENEZ NAVA,Mexico,Men,45-49,Finisher,20K,Ereno,20,1000,2024
255,03:38:50,Adrián OROZCO ACUNA,Mexico,Men,20-34,Finisher,20K,Ereno,20,1000,2024
256,03:40:19,Juan BARBOZA BALTAZAR,Mexico,Men,20-34,Finisher,20K,Ereno,20,1000,2024
257,03:42:24,Nicole PONTO,Mexico,Women,20-34,Finisher,20K,Ereno,20,1000,2024
258,03:44:22,Jenny PEREZ,Colombia,Women,40-44,Finisher,20K,Ereno,20,1000,2024
259,03:45:26,Miguel Angel COBOS JASSO,Mexico,Men,20-34,Finisher,20K,Ereno,20,1000,2024
260,03:47:44,Adriana Marcela NIÑO ROMERO,Colombia,Women,20-34,Finisher,20K,Ereno,20,1000,2024
261,03:49:28,Araceli SERRANO,Mexico,Women,45-49,Finisher,20K,Ereno,20,1000,2024
262,03:50:34,Jesus FRAUSTO,Mexico,Men,40-44,Finisher,20K,Ereno,20,1000,2024
263,03:50:39,Itzel OROZCO,Mexico,Women,20-34,Finisher,20K,Ereno,20,1000,2024
264,03:51:22,David FLORES CARDONA,Mexico,Men,55-59,Finisher,20K,Ereno,20,1000,2024
265,03:51:34,Paula NAZAL LABRIN,Chile,Women,20-34,Finisher,20K,Ereno,20,1000,2024
266,03:51:50,Elsi PEÑA,Mexico,Women,35-39,Finisher,20K,Ereno,20,1000,2024
267,03:53:43,Yadira SALAZAR,Mexico,Women,45-49,Finisher,20K,Ereno,20,1000,2024
268,03:54:03,Martin TREMBLAY,Canada,Men,50-54,Finisher,20K,Ereno,20,1000,2024
269,03:54:16,Rosa Maria MORENO,Mexico,Women,50-54,Finisher,20K,Ereno,20,1000,2024
270,03:55:22,Ana Maria GRANADOS RONQUILLO,Mexico,Women,65-69,Finisher,20K,Ereno,20,1000,2024
270,03:55:22,Sofia Cristina SUAREZ CAMPOS,Mexico,Women,20-34,Finisher,20K,Ereno,20,1000,2024
272,03:55:41,Francisco MENDEZ VALENCIA,Mexico,Men,35-39,Finisher,20K,Ereno,20,1000,2024
272,03:55:41,Ernesto LOERA,Mexico,Men,35-39,Finisher,20K,Ereno,20,1000,2024
272,03:55:41,Diego GARCIA DE QUEVEDO,Mexico,Men,35-39,Finisher,20K,Ereno,20,1000,2024
275,03:56:12,Jaqueline MOGUEL SARMIENTO,Mexico,Women,45-49,Finisher,20K,Ereno,20,1000,2024
276,03:57:05,Liliana CESPEDES,Colombia,Women,20-34,Finisher,20K,Ereno,20,1000,2024
277,03:57:27,Jorge Armando VAZQUEZ LOPEZ,Mexico,Men,45-49,Finisher,20K,Ereno,20,1000,2024
278,03:57:48,Diego DURAN BUENDIA,Mexico,Men,50-54,Finisher,20K,Ereno,20,1000,2024
279,03:57:52,Giovana FERNÁNDEZ,Mexico,Women,20-34,Finisher,20K,Ereno,20,1000,2024
280,03:58:18,Melissa REVUELTO HERRERA,Mexico,Women,20-34,Finisher,20K,Ereno,20,1000,2024
281,03:58:27,Marcos Adan VARELA ALONSO,Mexico,Men,45-49,Finisher,20K,Ereno,20,1000,2024
282,03:58:34,Erendira Donaji RAMIREZ HERNANDEZ,Mexico,Women,40-44,Finisher,20K,Ereno,20,1000,2024
283,04:00:00,Martin LAPOINTE,Canada,Men,50-54,Finisher,20K,Ereno,20,1000,2024
284,04:00:42,Jorge Alejandro GONZÁLEZ ESPARZA,Mexico,Men,45-49,Finisher,20K,Ereno,20,1000,2024
285,04:01:37,Enrique FARIAS,Mexico,Men,45-49,Finisher,20K,Ereno,20,1000,2024
286,04:05:30,Pepe VAZQUEZ,Mexico,Men,45-49,Finisher,20K,Ereno,20,1000,2024
287,04:08:54,Adhara MENDOZA,Mexico,Women,20-34,Finisher,20K,Ereno,20,1000,2024
288,04:09:15,Sandra Vanessa VILLA MAGAÑA,Mexico,Women,20-34,Finisher,20K,Ereno,20,1000,2024
289,04:10:10,Carolina Del Carmen MONTES DE OCA ZEBADÚA,Mexico,Women,45-49,Finisher,20K,Ereno,20,1000,2024
290,04:10:23,Carmina AGUILAR,Mexico,Women,40-44,Finisher,20K,Ereno,20,1000,2024
291,04:11:10,Maria De Lourdes SANCHEZ URBINA,Mexico,Women,45-49,Finisher,20K,Ereno,20,1000,2024
292,04:11:19,Nallely AGUILAR,Mexico,Women,20-34,Finisher,20K,Ereno,20,1000,2024
293,04:11:27,Julissa PEREZ RUBIO,Mexico,Women,45-49,Finisher,20K,Ereno,20,1000,2024
294,04:12:23,Maria CHAVEZ,Mexico,Women,20-34,Finisher,20K,Ereno,20,1000,2024
295,04:12:56,Chantal Margarita RODRIGUEZ PEREZ,Mexico,Women,20-34,Finisher,20K,Ereno,20,1000,2024
296,04:13:00,Julio Alejandro GUZMAN OCHOA,Mexico,Men,20-34,Finisher,20K,Ereno,20,1000,2024
297,04:13:17,Lorena HERRERA,Mexico,Women,50-54,Finisher,20K,Ereno,20,1000,2024
298,04:13:26,Max BALZARETTI,Mexico,Men,20-34,Finisher,20K,Ereno,20,1000,2024
299,04:15:03,Dulce Maria ROLDAN DE LUNA,Mexico,Women,20-34,Finisher,20K,Ereno,20,1000,2024
300,04:15:53,Tania DURAN,Mexico,Women,20-34,Finisher,20K,Ereno,20,1000,2024
301,04:16:23,Alejandra Silvia BUSTOS RAMOS,Mexico,Women,40-44,Finisher,20K,Ereno,20,1000,2024
302,04:16:36,Alejandro CLAVIJO RODRIGUEZ,Mexico,Men,60-64,Finisher,20K,Ereno,20,1000,2024
303,04:18:13,Olivia Antonieta GOMEZ NIETO,Mexico,Women,55-59,Finisher,20K,Ereno,20,1000,2024
304,04:18:36,Luis Fernando MACIAS,Mexico,Men,45-49,Finisher,20K,Ereno,20,1000,2024
305,04:23:05,Margarita CAMILO PASCUAL,Mexico,Women,50-54,Finisher,20K,Ereno,20,1000,2024
306,04:23:48,Luis Fernando VAZQUEZ BAYOD,Mexico,Men,65-69,Finisher,20K,Ereno,20,1000,2024
307,04:27:03,Fabiola AGUILAR,Mexico,Women,20-34,Finisher,20K,Ereno,20,1000,2024
308,04:27:58,Catalina CABRERA,Mexico,Women,45-49,Finisher,20K,Ereno,20,1000,2024
,00:00:00,Daniel FALCÓN,Mexico,Men,55-59,DNF,20K,Ereno,20,1000,2024
,00:00:00,Luis Salvador RAMIREZ CAMPOS,Mexico,Men,60-64,DNF,20K,Ereno,20,1000,2024
,00:00:00,Anonymous,Mexico,Men,40-44,DNF,20K,Ereno,20,1000,2024
,00:00:00,Juan Francisco TERÁN RUBIO,Mexico,Men,20-34,DNF,20K,Ereno,20,1000,2024
,00:00:00,Jonathan Antonio HERNANDEZ MARTINEZ,Mexico,Men,20-34,DNF,20K,Ereno,20,1000,2024
,00:00:00,Raúl JIMÉNEZ SOLANO,Mexico,Men,40-44,DNF,20K,Ereno,20,1000,2024
,00:00:00,Shinki Liam GARCIA ROMERO,Mexico,Men,20-34,DNF,20K,Ereno,20,1000,2024
,00:00:00,Monica GONZÁLEZ,Mexico,Women,35-39,DNF,20K,Ereno,20,1000,2024
,00:00:00,Enrique Alonso JIMENEZ SOLANO,Mexico,Men,20-34,DNF,20K,Ereno,20,1000,2024
,00:00:00,Estefania RODRÍGUEZ PRUNEDA,Mexico,Women,20-34,DNF,20K,Ereno,20,1000,2024
,00:00:00,María Fernanda BARAJAS,Mexico,Women,20-34,DNF,20K,Ereno,20,1000,2024
,00:00:00,Jean CHAPEAU,France,Men,20-34,DNF,20K,Ereno,20,1000,2024
,00:00:00,Fernando FUENTES DE LA PARRA,Mexico,Men,20-34,DNF,20K,Ereno,20,1000,2024
1,00:54:59,Joshua Nathanael VAZQUEZ EGURE,Mexico,Men,U20,Finisher,10K,Pata Salada,8,400,2024
2,01:00:10,Emilia MARTÍNEZ MENDIVIL,Mexico,Women,20-34,Finisher,10K,Pata Salada,8,400,2024
3,01:00:17,Garston TREMBLAY,United States of America,Men,35-39,Finisher,10K,Pata Salada,8,400,2024
4,01:00:29,Esteban GONZALEZ JIMENEZ,Mexico,Men,20-34,Finisher,10K,Pata Salada,8,400,2024
5,01:00:48,Luis Ricardo ACOSTA AGUILAR,Mexico,Men,20-34,Finisher,10K,Pata Salada,8,400,2024
6,01:03:32,Carlos ROSAS,Mexico,Men,20-34,Finisher,10K,Pata Salada,8,400,2024
7,01:04:36,Alexander CONTRERAS,Mexico,Men,U18,Finisher,10K,Pata Salada,8,400,2024
8,01:08:21,Abraham PEREZ RAMIREZ,Mexico,Men,45-49,Finisher,10K,Pata Salada,8,400,2024
9,01:08:27,Alison PONCE,United States of America,Women,20-34,Finisher,10K,Pata Salada,8,400,2024
10,01:11:27,Israel FLORES,Mexico,Men,40-44,Finisher,10K,Pata Salada,8,400,2024
11,01:12:23,Armando José BECERRA ARECHIGA,Mexico,Men,20-34,Finisher,10K,Pata Salada,8,400,2024
12,01:12:38,Mauro David ARELLANO SANCHEZ,Mexico,Men,U20,Finisher,10K,Pata Salada,8,400,2024
13,01:18:47,Ana Paola FUENTES MARTINEZ,Mexico,Women,20-34,Finisher,10K,Pata Salada,8,400,2024
14,01:19:42,Juan Carlos BARAJAS,Mexico,Men,35-39,Finisher,10K,Pata Salada,8,400,2024
15,01:21:45,Otilia HERNANDEZ HERNANDEZ,Mexico,Women,35-39,Finisher,10K,Pata Salada,8,400,2024
16,01:22:41,Jose Leonor TREJO CAMPOS,Mexico,Men,45-49,Finisher,10K,Pata Salada,8,400,2024
17,01:22:55,Luis Enrique RIVERA CAMPA,Mexico,Men,20-34,Finisher,10K,Pata Salada,8,400,2024
18,01:24:28,Ruth VILLASENOR,Mexico,Women,40-44,Finisher,10K,Pata Salada,8,400,2024
19,01:28:34,Christian BUCIO MAGDALENO,Mexico,Men,20-34,Finisher,10K,Pata Salada,8,400,2024
20,01:28:35,Eduardo HUERTA,Mexico,Men,55-59,Finisher,10K,Pata Salada,8,400,2024
21,01:30:15,Diego CHAVEZ,Mexico,Men,35-39,Finisher,10K,Pata Salada,8,400,2024
22,01:31:04,Rodrigo Antonio TORRES PEINADO,Mexico,Men,U20,Finisher,10K,Pata Salada,8,400,2024
23,01:32:45,Sharik Mariana RAYA ROJAS,Mexico,Women,40-44,Finisher,10K,Pata Salada,8,400,2024
24,01:36:37,Perla CASTILLO,Mexico,Women,20-34,Finisher,10K,Pata Salada,8,400,2024
25,01:37:01,Cris VACA,Mexico,Men,U18,Finisher,10K,Pata Salada,8,400,2024
26,01:37:47,César Arturo SÁNCHEZ ARREAGA,Mexico,Men,50-54,Finisher,10K,Pata Salada,8,400,2024
27,01:38:17,Elizabeth OJEDA JIMENEZ,Mexico,Women,50-54,Finisher,10K,Pata Salada,8,400,2024
28,01:38:51,Ma Guadalupe TIERRAFRIA,Mexico,Women,50-54,Finisher,10K,Pata Salada,8,400,2024
29,01:39:17,Paulina DIAZ,Mexico,Women,35-39,Finisher,10K,Pata Salada,8,400,2024
30,01:39:21,Leydie Marell JUAREZ,Mexico,Women,35-39,Finisher,10K,Pata Salada,8,400,2024
31,01:39:44,Jenny VACA,Mexico,Women,U20,Finisher,10K,Pata Salada,8,400,2024
32,01:39:46,Arianna COTA,Mexico,Women,40-44,Finisher,10K,Pata Salada,8,400,2024
33,01:40:04,Frida Alejandra ESPINO AVELICA,Mexico,Women,U20,Finisher,10K,Pata Salada,8,400,2024
34,01:40:15,Francisco MARTINEZ,Mexico,Men,45-49,Finisher,10K,Pata Salada,8,400,2024
35,01:40:24,Brittany DANIELS,Mexico,Women,40-44,Finisher,10K,Pata Salada,8,400,2024
36,01:40:45,Itzel YANEZ,Mexico,Women,20-34,Finisher,10K,Pata Salada,8,400,2024
37,01:41:42,Juan Antonio PEREZ ARIAS,Mexico,Men,U20,Finisher,10K,Pata Salada,8,400,2024
38,01:41:54,Kory MARKEL,United States of America,Men,20-34,Finisher,10K,Pata Salada,8,400,2024
38,01:41:54,Paula MARKEL,United States of America,Women,20-34,Finisher,10K,Pata Salada,8,400,2024
40,01:41:56,Karen MARKEL,United States of America,Women,65-69,Finisher,10K,Pata Salada,8,400,2024
41,01:42:04,Fredy TALAVERA,Mexico,Men,45-49,Finisher,10K,Pata Salada,8,400,2024
42,01:42:44,Sergio Andres TOVAR BARRIOS,Colombia,Men,40-44,Finisher,10K,Pata Salada,8,400,2024
43,01:42:58,Sara Stephanie ORTEGA ESPINOZA,Mexico,Women,20-34,Finisher,10K,Pata Salada,8,400,2024
44,01:42:59,Alejandra ORTEGA,Mexico,Women,20-34,Finisher,10K,Pata Salada,8,400,2024
45,01:43:09,Erick ORTEGA,Mexico,Men,U18,Finisher,10K,Pata Salada,8,400,2024
46,01:44:10,Xavier VILLENEUVE,Canada,Men,20-34,Finisher,10K,Pata Salada,8,400,2024
47,01:44:11,Luis Alberto CASILLAS SUAREZ,Mexico,Men,20-34,Finisher,10K,Pata Salada,8,400,2024
48,01:44:24,Kate CUIN,Mexico,Women,20-34,Finisher,10K,Pata Salada,8,400,2024
49,01:44:42,Hilda Gabriela BRISEÑO JAMAICA,Mexico,Women,45-49,Finisher,10K,Pata Salada,8,400,2024
50,01:46:39,Maximiliano HERRERA AVILA,Mexico,Men,20-34,Finisher,10K,Pata Salada,8,400,2024
51,01:47:17,Carolina SÁNCHEZ RUIZ,Mexico,Women,40-44,Finisher,10K,Pata Salada,8,400,2024
52,01:47:55,Alejandro NAVARRO,Mexico,Men,45-49,Finisher,10K,Pata Salada,8,400,2024
53,01:48:20,Pedro MEDINA,Mexico,Men,50-54,Finisher,10K,Pata Salada,8,400,2024
54,01:48:34,Fredy AGUILAR,Ecuador,Men,55-59,Finisher,10K,Pata Salada,8,400,2024
55,01:49:26,Fernando FERNÁNDEZ,Mexico,Men,60-64,Finisher,10K,Pata Salada,8,400,2024
55,01:49:26,Belia FERNÁNDEZ REYES,Mexico,Women,35-39,Finisher,10K,Pata Salada,8,400,2024
57,01:50:02,Olga ORTEGA,Mexico,Women,45-49,Finisher,10K,Pata Salada,8,400,2024
58,01:50:07,Noe ESPINOZA DURAN,Mexico,Men,40-44,Finisher,10K,Pata Salada,8,400,2024
59,01:50:21,Nancy Carolina LÓPEZ GARCIA,Mexico,Women,40-44,Finisher,10K,Pata Salada,8,400,2024
60,01:50:30,Claudia Leticia GARCIA SANCHEZ,Mexico,Women,50-54,Finisher,10K,Pata Salada,8,400,2024
61,01:50:51,Ramon ORTEGA NUÑEZ,Mexico,Men,35-39,Finisher,10K,Pata Salada,8,400,2024
62,01:51:01,Carolina SIERRA MATUS,Mexico,Women,20-34,Finisher,10K,Pata Salada,8,400,2024
63,01:54:25,Zoltan PETER,Canada,Men,60-64,Finisher,10K,Pata Salada,8,400,2024
64,01:54:33,Paulina GONZALEZ LUNA RUIZ,Mexico,Women,20-34,Finisher,10K,Pata Salada,8,400,2024
65,01:58:08,Itzel Alejandra PÉREZ NAVA,Mexico,Women,35-39,Finisher,10K,Pata Salada,8,400,2024
66,01:58:09,Brenda Yaneth RUEDA SUSTAITA,Mexico,Women,20-34,Finisher,10K,Pata Salada,8,400,2024
67,02:00:10,Heinar Misael ALVARADO GARCIA,Mexico,Men,20-34,Finisher,10K,Pata Salada,8,400,2024
68,02:00:18,Sofía Citlali BERUMEN SOLIS,Mexico,Women,20-34,Finisher,10K,Pata Salada,8,400,2024
69,02:00:49,Abril AYALA,Mexico,Women,35-39,Finisher,10K,Pata Salada,8,400,2024
70,02:00:52,Karla CARACHEO,Mexico,Women,20-34,Finisher,10K,Pata Salada,8,400,2024
71,02:01:36,Hugo Ivan MARTINEZ RICO,Mexico,Men,40-44,Finisher,10K,Pata Salada,8,400,2024
72,02:02:06,Vicente SERRANO,Mexico,Men,35-39,Finisher,10K,Pata Salada,8,400,2024
73,02:02:09,Roberto MARTINEZ HERNANDEZ,Mexico,Men,55-59,Finisher,10K,Pata Salada,8,400,2024
74,02:03:41,Rosalva AMADOR TOMAS,Mexico,Women,50-54,Finisher,10K,Pata Salada,8,400,2024
75,02:04:35,Rotsen Sayuri VEGA CARMONA,Mexico,Women,U20,Finisher,10K,Pata Salada,8,400,2024
76,02:05:02,Leonardo COVARRUBIAS GARCÍA,Mexico,Men,20-34,Finisher,10K,Pata Salada,8,400,2024
77,02:05:55,Rodolfo MONTOYA,Mexico,Men,50-54,Finisher,10K,Pata Salada,8,400,2024
78,02:06:43,Anonymous,Mexico,Men,20-34,Finisher,10K,Pata Salada,8,400,2024
79,02:07:49,Luis Gerardo GARCÍA BELMARES,Mexico,Men,40-44,Finisher,10K,Pata Salada,8,400,2024
80,02:08:10,Jorge BUTANDA BREÑA,Mexico,Men,50-54,Finisher,10K,Pata Salada,8,400,2024
81,02:08:34,Fernando MANCILLA,Mexico,Men,20-34,Finisher,10K,Pata Salada,8,400,2024
82,02:08:48,Alejandra Maricela GUZMÁN AYÓN,Mexico,Women,35-39,Finisher,10K,Pata Salada,8,400,2024
83,02:09:03,Aida VALLADARES,Mexico,Women,50-54,Finisher,10K,Pata Salada,8,400,2024
84,02:09:13,Kenia Yuleny BARRERA RAMIREZ,Mexico,Women,20-34,Finisher,10K,Pata Salada,8,400,2024
85,02:09:18,Esteban HERRERA AVELAR,Mexico,Men,U20,Finisher,10K,Pata Salada,8,400,2024
86,02:09:51,Alondra ARELLANO RUIZ,Mexico,Women,20-34,Finisher,10K,Pata Salada,8,400,2024
87,02:10:29,Catalina DIAZ,Colombia,Women,35-39,Finisher,10K,Pata Salada,8,400,2024
88,02:10:36,Angel Jr. HERNANDEZ,Mexico,Men,45-49,Finisher,10K,Pata Salada,8,400,2024
89,02:10:48,Verónica VALLADARES,Mexico,Women,50-54,Finisher,10K,Pata Salada,8,400,2024
90,02:10:55,Juliana Azucena SANCHEZ HERNANDEZ,Mexico,Women,40-44,Finisher,10K,Pata Salada,8,400,2024
91,02:11:21,Adriana Guadalupe ARIAS AVALOS,Mexico,Women,50-54,Finisher,10K,Pata Salada,8,400,2024
92,02:11:32,Bianca Melissa SALAIZA GARCIA,Mexico,Women,40-44,Finisher,10K,Pata Salada,8,400,2024
93,02:11:57,Ricardo BELTRÁN DEL BOSQUE,Mexico,Men,55-59,Finisher,10K,Pata Salada,8,400,2024
94,02:12:14,Hilda Elena OLIVARRIA,Mexico,Women,65-69,Finisher,10K,Pata Salada,8,400,2024
95,02:12:45,Rocio GUTIÉRREZ,Mexico,Women,50-54,Finisher,10K,Pata Salada,8,400,2024
95,02:12:45,Perla GUTIERREZ,Mexico,Women,45-49,Finisher,10K,Pata Salada,8,400,2024
97,02:13:17,Maria Del Refugio OLIVAS SANCHEZ,Mexico,Women,60-64,Finisher,10K,Pata Salada,8,400,2024
98,02:13:23,Lindsay PRIME,United States of America,Women,45-49,Finisher,10K,Pata Salada,8,400,2024
99,02:14:51,Ana Cristina ROMERO COTA,Mexico,Women,20-34,Finisher,10K,Pata Salada,8,400,2024
100,02:14:57,Luis Guillermo OROZCO HERNANDEZ,Mexico,Men,50-54,Finisher,10K,Pata Salada,8,400,2024
101,02:16:18,Lina BOLLELLA,Canada,Women,40-44,Finisher,10K,Pata Salada,8,400,2024
102,02:17:27,Blanaca Estela FRIAS RUIZ,Mexico,Women,55-59,Finisher,10K,Pata Salada,8,400,2024
103,02:17:39,Emma ARANA COLLAZO,Mexico,Women,45-49,Finisher,10K,Pata Salada,8,400,2024
104,02:18:09,Yenny VARGAS ESPITIA,Colombia,Women,40-44,Finisher,10K,Pata Salada,8,400,2024
105,02:19:09,Jorge MARTÍNEZ,Mexico,Men,55-59,Finisher,10K,Pata Salada,8,400,2024
106,02:20:18,Edwin HERNANDEZ,Mexico,Men,20-34,Finisher,10K,Pata Salada,8,400,2024
107,02:22:15,Berenice CHAVEZ,Mexico,Women,50-54,Finisher,10K,Pata Salada,8,400,2024
108,02:22:16,Rolando ALCANTARA,Mexico,Men,55-59,Finisher,10K,Pata Salada,8,400,2024
109,02:22:17,Alejandra VIZCAINO,Mexico,Women,20-34,Finisher,10K,Pata Salada,8,400,2024
110,02:23:55,Roberto LEOS,Mexico,Men,45-49,Finisher,10K,Pata Salada,8,400,2024
111,02:24:51,Tania MELO SANDOVAL,Mexico,Women,20-34,Finisher,10K,Pata Salada,8,400,2024
112,02:26:13,Agnes Eyja GUNNARSDÓTTIR,Iceland,Women,20-34,Finisher,10K,Pata Salada,8,400,2024
113,02:26:52,J Pedro ROMERO FIOL,Mexico,Men,45-49,Finisher,10K,Pata Salada,8,400,2024
114,02:27:06,Honour RUFFER,United States of America,Women,45-49,Finisher,10K,Pata Salada,8,400,2024
115,02:27:45,Lina OROZCO,Colombia,Women,20-34,Finisher,10K,Pata Salada,8,400,2024
116,02:28:03,Karina ROSALES,Mexico,Women,40-44,Finisher,10K,Pata Salada,8,400,2024
117,02:28:08,Ana Veronica ROSALES MEZA,Mexico,Women,50-54,Finisher,10K,Pata Salada,8,400,2024
118,02:28:29,Elizabeth RAMIREZ AMADOR,Mexico,Women,40-44,Finisher,10K,Pata Salada,8,400,2024
119,02:28:32,Leslie Fabiola PEREZ CERDA,Mexico,Women,40-44,Finisher,10K,Pata Salada,8,400,2024
120,02:29:00,Corey RUFFER,United States of America,Men,45-49,Finisher,10K,Pata Salada,8,400,2024
121,02:29:08,Guillermo GUTIERREZ,Mexico,Men,70-74,Finisher,10K,Pata Salada,8,400,2024
122,02:29:24,Claudia CASTRO ORTIZ,Mexico,Women,45-49,Finisher,10K,Pata Salada,8,400,2024
123,02:29:50,Montserrat GARCIA JIMENEZ,Mexico,Women,20-34,Finisher,10K,Pata Salada,8,400,2024
124,02:29:51,Dafne EUYOQUE,Mexico,Women,40-44,Finisher,10K,Pata Salada,8,400,2024
125,02:31:06,Abraham RAMIREZ RODRIGUEZ,Mexico,Men,20-34,Finisher,10K,Pata Salada,8,400,2024
125,02:31:06,Nallely Noemi RAMIREZ RODRIHUEZ,Mexico,Women,20-34,Finisher,10K,Pata Salada,8,400,2024
127,02:32:46,Mario Ruben VELLER,Argentina,Men,60-64,Finisher,10K,Pata Salada,8,400,2024
128,02:33:09,Anonymous,Colombia,Men,45-49,Finisher,10K,Pata Salada,8,400,2024
129,02:33:10,Rocio PEREZ MONTAGUT,Colombia,Women,45-49,Finisher,10K,Pata Salada,8,400,2024
130,02:34:01,Angel HERNANDEZ,Mexico,Men,60-64,Finisher,10K,Pata Salada,8,400,2024
131,02:34:04,Brian JACKSON,United States of America,Men,75-79,Finisher,10K,Pata Salada,8,400,2024
132,02:35:18,Patricia GOMEZ CEDEÑO,Mexico,Women,65-69,Finisher,10K,Pata Salada,8,400,2024
133,02:36:09,Daniel Alejandro HUERTA DE LUNA,Mexico,Men,20-34,Finisher,10K,Pata Salada,8,400,2024
134,02:42:09,Jose PAULIN ZAMORA,Mexico,Men,65-69,Finisher,10K,Pata Salada,8,400,2024
135,02:42:10,Natalia De Jesús GRAJEDA CASTILLO,Mexico,Women,20-34,Finisher,10K,Pata Salada,8,400,2024
135,02:42:10,Natalia Elizahbet PALACIOS CORTES,Mexico,Women,40-44,Finisher,10K,Pata Salada,8,400,2024
137,02:43:58,María Isabel GARCÍA PALACIOS,Mexico,Women,55-59,Finisher,10K,Pata Salada,8,400,2024
138,02:44:15,Daniel BUCIO,Mexico,Men,45-49,Finisher,10K,Pata Salada,8,400,2024
139,02:45:23,Andrea Marlene GRANADOS MARTINEZ,Mexico,Women,20-34,Finisher,10K,Pata Salada,8,400,2024
139,02:45:23,Margot MARTINEZ OROZCO,Mexico,Women,55-59,Finisher,10K,Pata Salada,8,400,2024
141,02:48:57,Antonio AMEZCUA,Mexico,Men,45-49,Finisher,10K,Pata Salada,8,400,2024
142,02:49:30,Jaqueline LOPEZ TENORIO,Mexico,Women,45-49,Finisher,10K,Pata Salada,8,400,2024
143,02:49:31,Ana María LEE ANTON,Mexico,Women,35-39,Finisher,10K,Pata Salada,8,400,2024
144,02:52:27,María Magdalena HERNÁNDEZ HERNÁNDEZ,Mexico,Women,60-64,Finisher,10K,Pata Salada,8,400,2024
145,02:52:44,Antonio RAMIREZ,Mexico,Men,65-69,Finisher,10K,Pata Salada,8,400,2024
146,02:54:01,Laura VILLANUEVA LEAL,Mexico,Women,60-64,Finisher,10K,Pata Salada,8,400,2024
147,02:55:00,Perla Cecilia SALINAS CORONADO,Mexico,Women,20-34,Finisher,10K,Pata Salada,8,400,2024
148,03:00:08,Meghan KEELEY,United States of America,Women,40-44,Finisher,10K,Pata Salada,8,400,2024
149,03:01:17,Michael WHALEN,United States of America,Men,40-44,Finisher,10K,Pata Salada,8,400,2024
150,03:10:09,Ruth GONZALEZ REYES,Mexico,Women,50-54,Finisher,10K,Pata Salada,8,400,2024
151,03:12:43,Mayra Stefany RODRIGUEZ CARACHEO,Mexico,Women,20-34,Finisher,10K,Pata Salada,8,400,2024
152,03:34:27,Sandra PEDRAZA,Mexico,Women,40-44,Finisher,10K,Pata Salada,8,400,2024
153,03:34:28,Roberto PALACIOS,Mexico,Men,50-54,Finisher,10K,Pata Salada,8,400,2024
,00:00:00,María Leticia SANCHEZ AMERICANO,Mexico,Women,65-69,DNF,10K,Pata Salada,8,400,2024
,00:00:00,Esmeralda ROSALES,Mexico,Women,20-34,DNF,10K,Pata Salada,8,400,2024
,00:00:00,Laura Guadalupe IBARRA SERRATOS,Mexico,Women,20-34,DNF,10K,Pata Salada,8,400,2024
,00:00:00,Mariana MERCADO RUVALCABA,Mexico,Women,35-39,DNF,10K,Pata Salada,8,400,2024
,00:00:00,Montserrat IBARRA SERRATOS,Mexico,Women,20-34,DNF,10K,Pata Salada,8,400,2024
,00:00:00,Hartmut FISCHER,Mexico,Men,50-54,DNF,10K,Pata Salada,8,400,2024
,00:00:00,Liliana MARTINEZ GOMEZ,Mexico,Women,20-34,DNF,10K,Pata Salada,8,400,2024
,00:00:00,Esther TORRES VALENZUELA,Mexico,Women,55-59,DNF,10K,Pata Salada,8,400,2024
,00:00:00,Oscar Abraham DÁVALOS SANCHEZ,Mexico,Men,20-34,DNF,10K,Pata Salada,8,400,2024
,00:00:00,Clara Janette GONZALEZ SANDOVAL,Mexico,Women,45-49,DNF,10K,Pata Salada,8,400,2024
